--
-- Generated by mysql-backup4j
-- https://github.com/SeunMatt/mysql-backup4j
-- Date: 21-2-2022 11:3:0
--

/*!40101 SET @OLD_CHARACTER_SET_CLIENT=@@CHARACTER_SET_CLIENT */;
/*!40101 SET NAMES utf8 */;
/*!50503 SET NAMES utf8mb4 */;
/*!40014 SET @OLD_FOREIGN_KEY_CHECKS=@@FOREIGN_KEY_CHECKS, FOREIGN_KEY_CHECKS=0 */;
/*!40101 SET @OLD_SQL_MODE=@@SQL_MODE, SQL_MODE='NO_AUTO_VALUE_ON_ZERO' */;

--
-- start  table dump : character_episode
--

CREATE TABLE IF NOT EXISTS `character_episode` (
  `character_id` bigint NOT NULL,
  `episode_id` bigint NOT NULL,
  KEY `FKpvvm5xiwpgpnkarpolqg9v292` (`episode_id`),
  KEY `FKm6hmio03dhcqs9vkvfm76f3vf` (`character_id`),
  CONSTRAINT `FKm6hmio03dhcqs9vkvfm76f3vf` FOREIGN KEY (`character_id`) REFERENCES `characters` (`id`),
  CONSTRAINT `FKpvvm5xiwpgpnkarpolqg9v292` FOREIGN KEY (`episode_id`) REFERENCES `episode` (`id`)
) ENGINE=InnoDB DEFAULT CHARSET=utf8mb4 COLLATE=utf8mb4_0900_ai_ci;



--
-- end  table dump : character_episode
--


--
-- Inserts of character_episode
--


/*!40000 ALTER TABLE `character_episode` DISABLE KEYS */;

--
-- start table insert : character_episode
--
INSERT INTO `character_episode`(`character_id`, `episode_id`) VALUES 
('1', '1'),
('1', '2'),
('1', '3'),
('1', '4'),
('1', '5'),
('1', '6'),
('1', '7'),
('1', '8'),
('1', '9'),
('1', '10'),
('1', '11'),
('1', '12'),
('1', '13'),
('1', '14'),
('1', '15'),
('1', '16'),
('1', '17'),
('1', '18'),
('1', '19'),
('1', '20'),
('1', '21'),
('1', '22'),
('1', '23'),
('1', '24'),
('1', '25'),
('1', '26'),
('1', '27'),
('1', '28'),
('1', '29'),
('1', '30'),
('1', '31'),
('1', '32'),
('1', '33'),
('1', '34'),
('1', '35'),
('1', '36'),
('1', '37'),
('1', '38'),
('1', '39'),
('1', '40'),
('1', '41'),
('1', '42'),
('1', '43'),
('1', '44'),
('1', '45'),
('1', '46'),
('1', '47'),
('1', '48'),
('1', '49'),
('1', '50'),
('1', '51'),
('2', '1'),
('2', '2'),
('2', '3'),
('2', '4'),
('2', '5'),
('2', '6'),
('2', '7'),
('2', '8'),
('2', '9'),
('2', '10'),
('2', '11'),
('2', '12'),
('2', '13'),
('2', '14'),
('2', '15'),
('2', '16'),
('2', '17'),
('2', '18'),
('2', '19'),
('2', '20'),
('2', '21'),
('2', '22'),
('2', '23'),
('2', '24'),
('2', '25'),
('2', '26'),
('2', '27'),
('2', '28'),
('2', '29'),
('2', '30'),
('2', '31'),
('2', '32'),
('2', '33'),
('2', '34'),
('2', '35'),
('2', '36'),
('2', '37'),
('2', '38'),
('2', '39'),
('2', '40'),
('2', '41'),
('2', '42'),
('2', '43'),
('2', '44'),
('2', '45'),
('2', '46'),
('2', '47'),
('2', '48'),
('2', '49'),
('2', '50'),
('2', '51'),
('3', '6'),
('3', '7'),
('3', '8'),
('3', '9'),
('3', '10'),
('3', '11'),
('3', '12'),
('3', '14'),
('3', '15'),
('3', '16'),
('3', '17'),
('3', '18'),
('3', '19'),
('3', '20'),
('3', '21'),
('3', '22'),
('3', '23'),
('3', '24'),
('3', '25'),
('3', '26'),
('3', '27'),
('3', '29'),
('3', '30'),
('3', '31'),
('3', '32'),
('3', '33'),
('3', '34'),
('3', '35'),
('3', '36'),
('3', '38'),
('3', '39'),
('3', '40'),
('3', '41'),
('3', '42'),
('3', '43'),
('3', '44'),
('3', '45'),
('3', '46'),
('3', '47'),
('3', '48'),
('3', '49'),
('3', '51'),
('4', '6'),
('4', '7'),
('4', '8'),
('4', '9'),
('4', '10'),
('4', '11'),
('4', '12'),
('4', '14'),
('4', '15'),
('4', '16'),
('4', '18'),
('4', '19'),
('4', '20'),
('4', '21'),
('4', '22'),
('4', '23'),
('4', '24'),
('4', '25'),
('4', '26'),
('4', '27'),
('4', '28'),
('4', '29'),
('4', '30'),
('4', '31'),
('4', '32'),
('4', '33'),
('4', '34'),
('4', '35'),
('4', '36'),
('4', '38'),
('4', '39'),
('4', '40'),
('4', '41'),
('4', '42'),
('4', '43'),
('4', '44'),
('4', '45'),
('4', '46'),
('4', '47'),
('4', '48'),
('4', '49'),
('4', '51'),
('5', '6'),
('5', '7'),
('5', '8'),
('5', '9'),
('5', '10'),
('5', '11'),
('5', '12'),
('5', '13'),
('5', '14'),
('5', '15'),
('5', '16'),
('5', '18'),
('5', '19'),
('5', '20'),
('5', '21'),
('5', '22'),
('5', '23'),
('5', '26'),
('5', '29'),
('5', '30'),
('5', '31'),
('5', '32'),
('5', '33'),
('5', '35'),
('5', '36'),
('5', '38'),
('5', '39'),
('5', '40'),
('5', '41'),
('5', '42'),
('5', '43'),
('5', '44'),
('5', '45'),
('5', '46'),
('5', '47'),
('5', '48'),
('5', '49'),
('5', '50'),
('5', '51'),
('6', '27'),
('7', '10'),
('7', '11'),
('8', '28'),
('9', '24'),
('10', '25'),
('11', '12'),
('12', '3'),
('13', '31'),
('14', '10'),
('15', '10'),
('16', '15'),
('17', '3'),
('18', '10'),
('18', '28'),
('19', '10'),
('20', '8'),
('21', '10'),
('21', '22'),
('22', '10'),
('22', '22'),
('22', '28'),
('23', '13'),
('23', '19'),
('23', '21'),
('23', '25'),
('23', '26'),
('24', '16'),
('25', '23'),
('26', '20'),
('27', '10'),
('27', '28'),
('28', '8'),
('28', '13'),
('28', '17'),
('29', '8'),
('30', '31'),
('31', '15'),
('32', '15'),
('33', '29'),
('34', '8'),
('34', '13'),
('34', '17'),
('35', '1'),
('35', '11'),
('35', '19'),
('35', '25'),
('36', '14'),
('37', '8'),
('38', '1'),
('38', '2'),
('38', '3'),
('38', '4'),
('38', '5'),
('38', '6'),
('38', '22'),
('38', '51'),
('39', '10'),
('40', '18'),
('41', '5'),
('42', '22'),
('43', '28'),
('44', '28'),
('45', '3'),
('46', '2'),
('47', '11'),
('47', '16'),
('47', '21'),
('47', '22'),
('47', '26'),
('47', '49'),
('47', '51'),
('48', '22'),
('48', '28'),
('49', '19'),
('50', '14'),
('51', '19'),
('52', '23'),
('53', '10'),
('54', '8'),
('55', '18'),
('55', '21'),
('56', '28'),
('57', '22'),
('58', '6'),
('58', '11'),
('58', '30'),
('58', '46'),
('59', '7'),
('60', '25'),
('61', '28'),
('62', '1'),
('63', '2'),
('64', '12'),
('65', '17'),
('66', '18'),
('67', '29'),
('68', '23'),
('69', '22'),
('70', '24'),
('71', '22'),
('72', '28'),
('73', '28'),
('74', '28'),
('75', '21'),
('76', '15'),
('77', '10'),
('78', '10'),
('78', '28'),
('79', '10'),
('80', '2'),
('81', '25'),
('82', '6'),
('82', '10'),
('83', '6'),
('83', '10'),
('84', '10'),
('85', '10'),
('85', '28'),
('86', '10'),
('86', '22'),
('86', '28'),
('87', '4'),
('88', '8'),
('88', '9'),
('88', '11'),
('88', '25'),
('89', '5'),
('90', '14'),
('91', '8'),
('92', '1'),
('92', '6'),
('93', '25'),
('94', '22'),
('94', '51'),
('95', '22'),
('96', '3'),
('97', '3'),
('98', '3'),
('99', '3'),
('100', '3'),
('101', '3'),
('102', '21'),
('103', '10'),
('103', '22'),
('104', '25'),
('105', '19'),
('106', '13'),
('107', '24'),
('107', '41'),
('108', '3'),
('109', '15'),
('110', '23'),
('111', '23'),
('112', '3'),
('113', '10'),
('114', '3'),
('115', '16'),
('115', '26'),
('116', '5'),
('117', '5'),
('118', '10'),
('118', '28'),
('118', '51'),
('119', '10'),
('120', '5'),
('121', '19'),
('122', '13'),
('123', '28'),
('124', '16'),
('124', '27'),
('125', '18'),
('125', '21'),
('125', '25'),
('126', '19'),
('127', '1'),
('128', '15'),
('129', '8'),
('129', '13'),
('129', '17'),
('130', '21'),
('131', '13'),
('131', '18'),
('131', '21'),
('132', '18'),
('133', '13'),
('133', '19'),
('133', '21'),
('134', '8'),
('135', '28'),
('136', '8'),
('136', '13'),
('137', '26'),
('137', '49'),
('138', '16'),
('139', '20'),
('140', '23'),
('141', '15'),
('142', '26'),
('143', '28'),
('144', '1'),
('145', '8'),
('146', '18'),
('147', '29'),
('148', '18'),
('149', '29'),
('150', '22'),
('151', '7'),
('152', '10'),
('152', '22'),
('153', '8'),
('153', '19'),
('154', '15'),
('155', '6'),
('156', '23'),
('157', '8'),
('158', '1'),
('159', '17'),
('160', '17'),
('161', '16'),
('162', '16'),
('163', '18'),
('164', '10'),
('165', '28'),
('166', '31'),
('167', '24'),
('168', '7'),
('169', '3'),
('169', '15'),
('170', '27'),
('171', '24'),
('172', '16'),
('173', '19'),
('174', '13'),
('175', '1'),
('175', '2'),
('175', '3'),
('175', '4'),
('175', '5'),
('175', '6'),
('175', '22'),
('176', '8'),
('177', '10'),
('178', '18'),
('179', '1'),
('179', '4'),
('179', '6'),
('180', '11'),
('180', '13'),
('180', '17'),
('180', '18'),
('180', '26'),
('180', '27'),
('180', '28'),
('180', '29'),
('180', '30'),
('180', '32'),
('180', '39'),
('180', '42'),
('181', '1'),
('181', '4'),
('181', '6'),
('181', '11'),
('181', '17'),
('181', '18'),
('181', '25'),
('181', '27'),
('182', '16'),
('183', '8'),
('184', '8'),
('185', '30'),
('186', '3'),
('187', '28'),
('188', '14'),
('189', '24'),
('190', '30'),
('191', '4'),
('192', '9'),
('193', '5'),
('194', '21'),
('195', '8'),
('196', '13'),
('197', '17'),
('198', '25'),
('199', '16'),
('199', '19'),
('199', '21'),
('200', '22'),
('201', '3'),
('202', '20'),
('203', '21'),
('203', '48'),
('204', '26'),
('205', '19'),
('206', '28'),
('207', '8'),
('207', '13'),
('207', '17'),
('208', '25'),
('209', '10'),
('210', '11'),
('211', '7'),
('212', '16'),
('213', '16'),
('214', '8'),
('215', '10'),
('215', '22'),
('215', '51'),
('216', '6'),
('216', '11'),
('216', '25'),
('217', '23'),
('218', '23'),
('219', '23'),
('220', '28'),
('221', '2'),
('222', '8'),
('223', '19'),
('224', '19'),
('225', '19'),
('226', '25'),
('227', '27'),
('228', '23'),
('229', '28'),
('230', '7'),
('231', '22'),
('232', '10'),
('233', '28'),
('234', '6'),
('235', '28'),
('236', '15'),
('237', '12'),
('238', '5'),
('239', '1'),
('239', '2'),
('239', '4'),
('239', '6'),
('240', '9'),
('240', '16'),
('240', '17'),
('240', '18'),
('240', '21'),
('240', '22'),
('240', '24'),
('240', '27'),
('240', '30'),
('240', '39'),
('241', '4'),
('241', '16'),
('242', '5'),
('242', '10'),
('242', '13'),
('242', '29'),
('242', '32'),
('243', '9'),
('244', '15'),
('244', '21'),
('244', '29'),
('244', '30'),
('244', '31'),
('244', '34'),
('244', '51'),
('245', '30'),
('246', '2'),
('246', '27'),
('247', '31'),
('248', '15'),
('249', '1'),
('249', '6'),
('249', '14'),
('249', '30'),
('250', '8'),
('251', '6'),
('251', '9'),
('251', '11'),
('251', '25'),
('251', '29'),
('251', '36'),
('252', '25'),
('253', '16'),
('254', '19'),
('255', '16'),
('256', '21'),
('257', '13'),
('258', '7'),
('259', '15'),
('260', '19'),
('261', '21'),
('262', '15'),
('263', '19'),
('264', '19'),
('265', '24'),
('266', '8'),
('266', '17'),
('267', '28'),
('268', '3'),
('269', '31'),
('270', '4'),
('271', '1'),
('271', '5'),
('271', '6'),
('272', '9'),
('272', '16'),
('272', '18'),
('272', '24'),
('272', '27'),
('272', '29'),
('273', '20'),
('274', '10'),
('274', '22'),
('274', '51'),
('275', '19'),
('276', '24'),
('277', '8'),
('278', '28'),
('279', '8'),
('280', '15'),
('281', '28'),
('282', '11'),
('282', '13'),
('282', '25'),
('283', '28'),
('284', '28'),
('285', '22'),
('285', '51'),
('286', '22'),
('287', '28'),
('288', '28'),
('289', '28'),
('290', '10'),
('291', '28'),
('292', '28'),
('293', '6'),
('294', '10'),
('294', '22'),
('294', '51'),
('295', '10'),
('295', '11'),
('295', '22'),
('296', '26'),
('297', '26'),
('298', '10'),
('299', '10'),
('300', '3'),
('301', '14'),
('302', '3'),
('303', '5'),
('304', '2'),
('305', '2'),
('306', '2'),
('307', '9'),
('308', '11'),
('308', '21'),
('309', '13'),
('309', '16'),
('309', '21'),
('309', '25'),
('310', '18'),
('311', '13'),
('311', '21'),
('311', '25'),
('312', '19'),
('313', '12'),
('313', '36'),
('314', '8'),
('315', '8'),
('316', '8'),
('317', '8'),
('318', '8'),
('319', '26'),
('320', '26'),
('321', '19'),
('322', '28'),
('323', '23'),
('324', '15'),
('325', '28'),
('326', '5'),
('326', '11'),
('327', '11'),
('328', '28'),
('329', '2'),
('329', '7'),
('329', '10'),
('329', '15'),
('329', '16'),
('329', '24'),
('329', '29'),
('329', '30'),
('330', '10'),
('330', '22'),
('331', '11'),
('331', '16'),
('331', '21'),
('332', '27'),
('333', '5'),
('333', '11'),
('333', '25'),
('334', '19'),
('335', '31'),
('336', '14'),
('337', '4'),
('338', '1'),
('338', '2'),
('338', '3'),
('338', '4'),
('338', '5'),
('338', '6'),
('338', '22'),
('339', '10'),
('340', '25'),
('341', '20'),
('342', '23'),
('343', '5'),
('343', '6'),
('344', '11'),
('344', '16'),
('344', '21'),
('344', '22'),
('344', '41'),
('345', '28'),
('346', '16'),
('347', '16'),
('347', '31'),
('347', '43'),
('347', '45'),
('347', '47'),
('348', '17'),
('349', '10'),
('350', '30'),
('351', '8'),
('352', '15'),
('353', '18'),
('354', '18'),
('355', '14'),
('356', '3'),
('357', '30'),
('358', '8'),
('358', '18'),
('358', '21'),
('359', '10'),
('360', '27'),
('361', '27'),
('362', '11'),
('362', '13'),
('362', '19'),
('362', '21'),
('362', '25'),
('363', '30'),
('364', '17'),
('365', '26'),
('365', '27'),
('365', '36'),
('365', '38'),
('365', '46'),
('366', '28'),
('367', '8'),
('367', '28'),
('368', '29'),
('369', '26'),
('370', '8'),
('371', '19'),
('372', '14'),
('373', '8'),
('374', '18'),
('375', '25'),
('376', '7'),
('377', '29'),
('378', '22'),
('379', '21'),
('380', '22'),
('380', '51'),
('381', '10'),
('382', '25'),
('383', '19'),
('384', '19'),
('385', '22'),
('386', '13'),
('386', '18'),
('387', '18'),
('388', '17'),
('389', '10'),
('389', '11'),
('389', '22'),
('389', '51'),
('390', '29'),
('391', '15'),
('392', '28'),
('392', '51'),
('393', '13'),
('394', '1'),
('394', '6'),
('395', '1'),
('395', '11'),
('395', '16'),
('395', '25'),
('396', '2'),
('397', '2'),
('398', '2'),
('399', '5'),
('400', '5'),
('401', '7'),
('402', '8'),
('403', '8'),
('404', '8'),
('405', '2'),
('405', '8'),
('405', '10'),
('405', '11'),
('406', '8'),
('407', '8'),
('408', '8'),
('409', '8'),
('410', '8'),
('411', '8'),
('412', '8'),
('413', '8'),
('414', '8'),
('415', '8'),
('416', '8'),
('417', '8'),
('418', '8'),
('419', '9'),
('420', '9'),
('421', '9'),
('422', '9'),
('423', '11'),
('424', '10'),
('425', '10'),
('426', '10'),
('427', '10'),
('428', '10'),
('429', '10'),
('430', '10'),
('431', '10'),
('432', '10'),
('433', '10'),
('434', '10'),
('435', '1'),
('435', '11'),
('435', '19'),
('435', '25'),
('436', '11'),
('436', '13'),
('437', '12'),
('438', '12'),
('439', '12'),
('440', '12'),
('441', '13'),
('442', '13'),
('443', '13'),
('444', '13'),
('445', '13'),
('446', '13'),
('447', '13'),
('448', '13'),
('449', '13'),
('450', '13'),
('451', '13'),
('452', '16'),
('453', '18'),
('454', '16'),
('454', '19'),
('454', '21'),
('455', '19'),
('456', '19'),
('457', '19'),
('458', '19'),
('459', '19'),
('460', '19'),
('461', '22'),
('462', '22'),
('463', '22'),
('464', '22'),
('465', '22'),
('466', '22'),
('467', '26'),
('468', '26'),
('469', '26'),
('470', '27'),
('471', '27'),
('472', '28'),
('473', '28'),
('474', '28'),
('475', '28'),
('476', '28'),
('477', '28'),
('478', '28'),
('479', '28'),
('480', '28'),
('481', '28'),
('482', '28'),
('483', '28'),
('484', '28'),
('485', '28'),
('486', '28'),
('487', '28'),
('488', '28'),
('489', '28'),
('490', '29'),
('491', '29'),
('492', '30'),
('493', '31'),
('494', '32'),
('495', '32'),
('496', '32'),
('497', '32'),
('498', '32'),
('499', '32'),
('500', '32'),
('501', '32'),
('502', '32'),
('503', '32'),
('504', '32'),
('505', '32'),
('506', '32'),
('507', '32'),
('508', '32'),
('509', '32'),
('510', '32'),
('511', '32'),
('512', '32'),
('513', '32'),
('514', '32'),
('515', '32'),
('516', '32'),
('517', '32'),
('518', '32'),
('519', '32'),
('520', '32'),
('521', '32'),
('522', '32'),
('523', '32'),
('524', '32'),
('525', '33'),
('526', '33'),
('527', '33'),
('528', '33'),
('529', '33'),
('530', '33'),
('531', '33'),
('532', '33'),
('533', '33'),
('534', '33'),
('535', '33'),
('536', '33'),
('537', '33'),
('538', '33'),
('539', '33'),
('540', '33'),
('541', '33'),
('542', '33'),
('543', '33'),
('544', '34'),
('545', '34'),
('546', '34'),
('547', '34'),
('548', '34'),
('549', '34'),
('550', '34'),
('551', '34'),
('552', '34'),
('553', '34'),
('554', '34'),
('555', '34'),
('556', '34'),
('557', '34'),
('558', '34'),
('559', '34'),
('560', '34'),
('561', '34'),
('562', '35'),
('563', '35'),
('564', '35'),
('565', '35'),
('566', '35'),
('567', '35'),
('568', '35'),
('569', '35'),
('570', '35'),
('571', '36'),
('572', '36'),
('573', '36'),
('574', '36'),
('575', '36'),
('576', '36'),
('577', '36'),
('578', '36'),
('579', '36'),
('580', '36'),
('581', '36'),
('582', '36'),
('583', '36'),
('584', '36'),
('585', '36'),
('586', '36'),
('587', '36'),
('588', '36'),
('589', '36'),
('590', '36'),
('591', '36'),
('592', '22'),
('592', '41'),
('592', '49'),
('593', '37'),
('594', '37'),
('595', '37'),
('596', '37'),
('597', '37'),
('598', '37'),
('599', '37'),
('600', '37'),
('601', '37'),
('602', '37'),
('603', '37'),
('604', '37'),
('605', '37'),
('606', '37'),
('607', '37'),
('608', '37'),
('609', '37'),
('610', '37'),
('611', '37'),
('612', '37'),
('613', '37'),
('614', '37'),
('615', '37'),
('616', '37'),
('617', '37'),
('618', '37'),
('619', '37'),
('620', '37'),
('621', '37'),
('622', '37'),
('623', '37'),
('624', '37'),
('625', '37'),
('626', '37'),
('627', '37'),
('628', '37'),
('629', '37'),
('630', '37'),
('631', '37'),
('632', '37'),
('633', '37'),
('634', '37'),
('635', '37'),
('636', '37'),
('637', '37'),
('638', '37'),
('639', '37'),
('640', '38'),
('641', '38'),
('642', '38'),
('643', '38'),
('644', '38'),
('645', '38'),
('646', '38'),
('647', '38'),
('648', '39'),
('649', '39'),
('650', '39'),
('651', '39'),
('652', '39'),
('653', '39'),
('654', '39'),
('655', '39'),
('656', '39'),
('657', '39'),
('658', '39'),
('659', '39'),
('660', '39'),
('661', '39'),
('662', '40'),
('663', '40'),
('664', '40'),
('665', '40'),
('666', '40'),
('667', '41'),
('667', '43'),
('668', '41'),
('669', '41'),
('670', '41'),
('671', '41'),
('672', '42'),
('673', '42'),
('674', '42'),
('675', '42'),
('676', '42'),
('677', '42'),
('678', '42'),
('679', '42'),
('680', '42'),
('681', '42'),
('682', '42'),
('683', '42'),
('684', '42'),
('685', '42'),
('686', '42'),
('687', '43'),
('688', '43'),
('689', '43'),
('690', '43'),
('691', '43'),
('692', '43'),
('693', '43'),
('694', '43'),
('695', '43'),
('696', '43'),
('697', '43'),
('698', '43'),
('699', '43'),
('700', '43'),
('701', '43'),
('702', '43'),
('703', '43'),
('704', '43'),
('705', '43'),
('706', '43'),
('707', '43'),
('708', '43'),
('709', '43'),
('710', '43'),
('711', '43'),
('712', '43'),
('713', '43'),
('714', '43'),
('715', '43'),
('716', '43'),
('717', '44'),
('718', '44'),
('719', '44'),
('720', '44'),
('721', '44'),
('722', '44'),
('723', '44'),
('724', '44'),
('725', '44'),
('726', '45'),
('727', '45'),
('728', '45'),
('729', '45'),
('730', '45'),
('731', '45'),
('731', '48'),
('732', '45'),
('733', '45'),
('734', '45'),
('735', '45'),
('736', '45'),
('737', '45'),
('738', '45'),
('739', '45'),
('740', '45'),
('741', '45'),
('742', '46'),
('743', '46'),
('744', '46'),
('745', '46'),
('746', '46'),
('747', '46'),
('748', '46'),
('749', '46'),
('750', '46'),
('751', '46'),
('752', '46'),
('753', '17'),
('753', '47'),
('754', '47'),
('755', '47'),
('756', '47'),
('757', '45'),
('757', '47'),
('758', '47'),
('759', '47'),
('760', '47'),
('761', '47'),
('762', '47'),
('763', '47'),
('764', '47'),
('765', '47'),
('766', '47'),
('767', '47'),
('768', '47'),
('769', '48'),
('770', '48'),
('771', '48'),
('772', '48'),
('773', '48'),
('774', '48'),
('775', '48'),
('776', '48'),
('777', '48'),
('778', '48'),
('779', '49'),
('780', '49'),
('781', '49'),
('782', '49'),
('783', '49'),
('784', '49'),
('785', '49'),
('786', '49'),
('787', '50'),
('787', '51'),
('788', '50'),
('789', '50'),
('790', '50'),
('791', '50'),
('792', '50'),
('793', '50'),
('794', '48'),
('795', '48'),
('796', '48'),
('797', '44'),
('798', '44'),
('799', '44'),
('800', '47'),
('801', '51'),
('802', '51'),
('803', '51'),
('804', '51'),
('805', '51'),
('806', '51'),
('807', '51'),
('808', '51'),
('809', '51'),
('810', '51'),
('811', '51'),
('812', '51'),
('813', '51'),
('814', '51'),
('815', '51'),
('816', '51'),
('817', '51'),
('818', '51'),
('819', '51'),
('820', '51'),
('821', '48'),
('822', '51'),
('823', '51'),
('824', '51'),
('825', '51'),
('826', '9');
--
-- end table insert : character_episode
--

/*!40000 ALTER TABLE `character_episode` ENABLE KEYS */;


--
-- start  table dump : characters
--

CREATE TABLE IF NOT EXISTS `characters` (
  `id` bigint NOT NULL AUTO_INCREMENT,
  `created` datetime(6) DEFAULT NULL,
  `gender` varchar(255) DEFAULT NULL,
  `image` varchar(255) DEFAULT NULL,
  `name` varchar(255) DEFAULT NULL,
  `species` varchar(255) DEFAULT NULL,
  `status` varchar(255) DEFAULT NULL,
  `type` varchar(255) DEFAULT NULL,
  `location_id` bigint DEFAULT NULL,
  `origin_id` bigint DEFAULT NULL,
  PRIMARY KEY (`id`),
  KEY `FKhmqeu4ueb4gnnjl0ps70mw0nb` (`location_id`),
  KEY `FKcrpksoigirj77c21x1gjnxjks` (`origin_id`),
  CONSTRAINT `FKcrpksoigirj77c21x1gjnxjks` FOREIGN KEY (`origin_id`) REFERENCES `location` (`id`),
  CONSTRAINT `FKhmqeu4ueb4gnnjl0ps70mw0nb` FOREIGN KEY (`location_id`) REFERENCES `location` (`id`)
) ENGINE=InnoDB AUTO_INCREMENT=827 DEFAULT CHARSET=utf8mb4 COLLATE=utf8mb4_0900_ai_ci;



--
-- end  table dump : characters
--


--
-- Inserts of characters
--


/*!40000 ALTER TABLE `characters` DISABLE KEYS */;

--
-- start table insert : characters
--
INSERT INTO `characters`(`id`, `created`, `gender`, `image`, `name`, `species`, `status`, `type`, `location_id`, `origin_id`) VALUES 
('1', '2017-11-04 18:48:46.250000', 'MALE', 'https://rickandmortyapi.com/api/character/avatar/1.jpeg', 'Rick Sanchez', 'Human', 'ALIVE', '', '3', '1'),
('2', '2017-11-04 18:50:21.651000', 'MALE', 'https://rickandmortyapi.com/api/character/avatar/2.jpeg', 'Morty Smith', 'Human', 'ALIVE', '', '3', null),
('3', '2017-11-04 19:09:56.428000', 'FEMALE', 'https://rickandmortyapi.com/api/character/avatar/3.jpeg', 'Summer Smith', 'Human', 'ALIVE', '', '20', '20'),
('4', '2017-11-04 19:22:43.665000', 'FEMALE', 'https://rickandmortyapi.com/api/character/avatar/4.jpeg', 'Beth Smith', 'Human', 'ALIVE', '', '20', '20'),
('5', '2017-11-04 19:26:56.301000', 'MALE', 'https://rickandmortyapi.com/api/character/avatar/5.jpeg', 'Jerry Smith', 'Human', 'ALIVE', '', '20', '20'),
('6', '2017-11-04 19:50:28.250000', 'FEMALE', 'https://rickandmortyapi.com/api/character/avatar/6.jpeg', 'Abadango Cluster Princess', 'Alien', 'ALIVE', '', '2', '2'),
('7', '2017-11-04 19:59:20.523000', 'MALE', 'https://rickandmortyapi.com/api/character/avatar/7.jpeg', 'Abradolf Lincler', 'Human', 'UNKNOWN', 'Genetic experiment', '21', '20'),
('8', '2017-11-04 20:03:34.737000', 'MALE', 'https://rickandmortyapi.com/api/character/avatar/8.jpeg', 'Adjudicator Rick', 'Human', 'DEAD', '', '3', null),
('9', '2017-11-04 20:06:54.976000', 'MALE', 'https://rickandmortyapi.com/api/character/avatar/9.jpeg', 'Agency Director', 'Human', 'DEAD', '', '20', '20'),
('10', '2017-11-04 20:19:09.017000', 'MALE', 'https://rickandmortyapi.com/api/character/avatar/10.jpeg', 'Alan Rails', 'Human', 'DEAD', 'Superhuman (Ghost trains summoner)', '4', null),
('11', '2017-11-04 20:20:20.965000', 'MALE', 'https://rickandmortyapi.com/api/character/avatar/11.jpeg', 'Albert Einstein', 'Human', 'DEAD', '', '20', '1'),
('12', '2017-11-04 20:32:33.144000', 'MALE', 'https://rickandmortyapi.com/api/character/avatar/12.jpeg', 'Alexander', 'Human', 'DEAD', '', '5', '1'),
('13', '2017-11-04 20:33:30.779000', 'UNKNOWN', 'https://rickandmortyapi.com/api/character/avatar/13.jpeg', 'Alien Googah', 'Alien', 'UNKNOWN', '', '20', null),
('14', '2017-11-04 20:51:31.373000', 'MALE', 'https://rickandmortyapi.com/api/character/avatar/14.jpeg', 'Alien Morty', 'Alien', 'UNKNOWN', '', '3', null),
('15', '2017-11-04 20:56:13.215000', 'MALE', 'https://rickandmortyapi.com/api/character/avatar/15.jpeg', 'Alien Rick', 'Alien', 'UNKNOWN', '', '3', null),
('16', '2017-11-04 21:12:45.235000', 'MALE', 'https://rickandmortyapi.com/api/character/avatar/16.jpeg', 'Amish Cyborg', 'Alien', 'DEAD', 'Parasite', '20', null),
('17', '2017-11-04 22:21:24.481000', 'FEMALE', 'https://rickandmortyapi.com/api/character/avatar/17.jpeg', 'Annie', 'Human', 'ALIVE', '', '5', '1'),
('18', '2017-11-04 22:25:29.008000', 'MALE', 'https://rickandmortyapi.com/api/character/avatar/18.jpeg', 'Antenna Morty', 'Human', 'ALIVE', 'Human with antennae', '3', null),
('19', '2017-11-04 22:28:13.756000', 'MALE', 'https://rickandmortyapi.com/api/character/avatar/19.jpeg', 'Antenna Rick', 'Human', 'UNKNOWN', 'Human with antennae', null, null),
('20', '2017-11-04 22:34:53.659000', 'MALE', 'https://rickandmortyapi.com/api/character/avatar/20.jpeg', 'Ants in my Eyes Johnson', 'Human', 'UNKNOWN', 'Human with ants in his eyes', '6', null),
('21', '2017-11-04 22:39:48.055000', 'MALE', 'https://rickandmortyapi.com/api/character/avatar/21.jpeg', 'Aqua Morty', 'Humanoid', 'UNKNOWN', 'Fish-Person', '3', null),
('22', '2017-11-04 22:41:07.171000', 'MALE', 'https://rickandmortyapi.com/api/character/avatar/22.jpeg', 'Aqua Rick', 'Humanoid', 'UNKNOWN', 'Fish-Person', '3', null),
('23', '2017-11-05 08:43:05.095000', 'MALE', 'https://rickandmortyapi.com/api/character/avatar/23.jpeg', 'Arcade Alien', 'Alien', 'UNKNOWN', '', '7', null),
('24', '2017-11-05 08:48:30.776000', 'MALE', 'https://rickandmortyapi.com/api/character/avatar/24.jpeg', 'Armagheadon', 'Alien', 'ALIVE', 'Cromulon', '22', '22'),
('25', '2017-11-05 08:54:29.343000', 'MALE', 'https://rickandmortyapi.com/api/character/avatar/25.jpeg', 'Armothy', 'unknown', 'DEAD', 'Self-aware arm', '8', '8'),
('26', '2017-11-05 08:56:46.165000', 'FEMALE', 'https://rickandmortyapi.com/api/character/avatar/26.jpeg', 'Arthricia', 'Alien', 'ALIVE', 'Cat-Person', '9', '9'),
('27', '2017-11-05 08:59:07.457000', 'MALE', 'https://rickandmortyapi.com/api/character/avatar/27.jpeg', 'Artist Morty', 'Human', 'ALIVE', '', '3', null),
('28', '2017-11-05 09:02:16.595000', 'MALE', 'https://rickandmortyapi.com/api/character/avatar/28.jpeg', 'Attila Starwar', 'Human', 'ALIVE', '', '6', null),
('29', '2017-11-05 09:06:19.644000', 'MALE', 'https://rickandmortyapi.com/api/character/avatar/29.jpeg', 'Baby Legs', 'Human', 'ALIVE', 'Human with baby legs', '6', null),
('30', '2017-11-05 09:13:16.483000', 'MALE', 'https://rickandmortyapi.com/api/character/avatar/30.jpeg', 'Baby Poopybutthole', 'Poopybutthole', 'ALIVE', '', null, null),
('31', '2017-11-05 09:15:11.286000', 'MALE', 'https://rickandmortyapi.com/api/character/avatar/31.jpeg', 'Baby Wizard', 'Alien', 'DEAD', 'Parasite', '20', null),
('32', '2017-11-05 09:18:04.184000', 'FEMALE', 'https://rickandmortyapi.com/api/character/avatar/32.jpeg', 'Bearded Lady', 'Alien', 'DEAD', 'Parasite', '20', null),
('33', '2017-11-05 09:21:55.595000', 'MALE', 'https://rickandmortyapi.com/api/character/avatar/33.jpeg', 'Beebo', 'Alien', 'DEAD', '', '10', '10'),
('34', '2017-11-05 09:24:04.748000', 'MALE', 'https://rickandmortyapi.com/api/character/avatar/34.jpeg', 'Benjamin', 'Poopybutthole', 'ALIVE', '', '6', null),
('35', '2017-11-05 09:27:38.491000', 'UNKNOWN', 'https://rickandmortyapi.com/api/character/avatar/35.jpeg', 'Bepisian', 'Alien', 'ALIVE', 'Bepisian', '11', '11'),
('36', '2017-11-05 09:31:08.952000', 'UNKNOWN', 'https://rickandmortyapi.com/api/character/avatar/36.jpeg', 'Beta-Seven', 'Alien', 'ALIVE', 'Hivemind', null, null),
('37', '2017-11-05 09:38:22.960000', 'FEMALE', 'https://rickandmortyapi.com/api/character/avatar/37.jpeg', 'Beth Sanchez', 'Human', 'ALIVE', '', '23', '23'),
('38', '2017-11-05 09:48:44.230000', 'FEMALE', 'https://rickandmortyapi.com/api/character/avatar/38.jpeg', 'Beth Smith', 'Human', 'ALIVE', '', '1', '1'),
('39', '2017-11-05 09:52:31.777000', 'FEMALE', 'https://rickandmortyapi.com/api/character/avatar/39.jpeg', 'Beth Smith', 'Human', 'ALIVE', '', '34', '34'),
('40', '2017-11-05 10:02:26.701000', 'FEMALE', 'https://rickandmortyapi.com/api/character/avatar/40.jpeg', 'Beth\'s Mytholog', 'Mythological Creature', 'DEAD', 'Mytholog', '13', '13'),
('41', '2017-11-05 10:13:45.960000', 'FEMALE', 'https://rickandmortyapi.com/api/character/avatar/41.jpeg', 'Big Boobed Waitress', 'Mythological Creature', 'ALIVE', '', '48', '48'),
('42', '2017-11-05 10:15:53.349000', 'MALE', 'https://rickandmortyapi.com/api/character/avatar/42.jpeg', 'Big Head Morty', 'Human', 'UNKNOWN', 'Human with giant head', '3', null),
('43', '2017-11-05 10:17:04.997000', 'MALE', 'https://rickandmortyapi.com/api/character/avatar/43.jpeg', 'Big Morty', 'Human', 'DEAD', '', '3', null),
('44', '2017-11-05 10:18:11.062000', 'MALE', 'https://rickandmortyapi.com/api/character/avatar/44.jpeg', 'Body Guard Morty', 'Human', 'DEAD', '', '3', null),
('45', '2017-11-05 10:22:27.446000', 'MALE', 'https://rickandmortyapi.com/api/character/avatar/45.jpeg', 'Bill', 'Human', 'ALIVE', '', '1', '1'),
('46', '2017-11-05 10:24:38.089000', 'MALE', 'https://rickandmortyapi.com/api/character/avatar/46.jpeg', 'Bill', 'Animal', 'UNKNOWN', 'Dog', null, '20'),
('47', '2017-11-05 11:13:36.018000', 'MALE', 'https://rickandmortyapi.com/api/character/avatar/47.jpeg', 'Birdperson', 'Alien', 'ALIVE', 'Bird-Person', '35', '15'),
('48', '2017-11-05 11:15:26.044000', 'MALE', 'https://rickandmortyapi.com/api/character/avatar/48.jpeg', 'Black Rick', 'Human', 'ALIVE', '', '3', null),
('49', '2017-11-05 11:18:26.702000', 'UNKNOWN', 'https://rickandmortyapi.com/api/character/avatar/49.jpeg', 'Blamph', 'Alien', 'ALIVE', '', '6', null),
('50', '2017-11-05 11:21:43.756000', 'MALE', 'https://rickandmortyapi.com/api/character/avatar/50.jpeg', 'Blim Blam', 'Alien', 'ALIVE', 'Korblock', '20', null),
('51', '2017-11-05 11:24:49.688000', 'MALE', 'https://rickandmortyapi.com/api/character/avatar/51.jpeg', 'Blue Diplomat', 'Alien', 'ALIVE', '', '6', null),
('52', '2017-11-05 11:26:42.084000', 'MALE', 'https://rickandmortyapi.com/api/character/avatar/52.jpeg', 'Blue Footprint Guy', 'Human', 'DEAD', '', '8', '8'),
('53', '2017-11-05 11:28:38.627000', 'MALE', 'https://rickandmortyapi.com/api/character/avatar/53.jpeg', 'Blue Shirt Morty', 'Human', 'UNKNOWN', '', '3', null),
('54', '2017-11-05 11:31:26.348000', 'MALE', 'https://rickandmortyapi.com/api/character/avatar/54.jpeg', 'Bobby Moynihan', 'Human', 'ALIVE', '', '6', null),
('55', '2017-11-05 11:32:53.847000', 'UNKNOWN', 'https://rickandmortyapi.com/api/character/avatar/55.jpeg', 'Boobloosian', 'Alien', 'DEAD', 'Boobloosian', '13', null),
('56', '2017-11-05 11:34:16.447000', 'MALE', 'https://rickandmortyapi.com/api/character/avatar/56.jpeg', 'Bootleg Portal Chemist Rick', 'Human', 'DEAD', '', '3', null),
('57', '2017-11-05 11:38:29.459000', 'MALE', 'https://rickandmortyapi.com/api/character/avatar/57.jpeg', 'Borpocian', 'Alien', 'ALIVE', 'Elephant-Person', null, null),
('58', '2017-11-05 11:40:02.554000', 'MALE', 'https://rickandmortyapi.com/api/character/avatar/58.jpeg', 'Brad', 'Human', 'ALIVE', '', '20', '20'),
('59', '2017-11-05 11:41:38.964000', 'MALE', 'https://rickandmortyapi.com/api/character/avatar/59.jpeg', 'Brad Anderson', 'Human', 'DEAD', '', '20', '20'),
('60', '2017-11-05 11:52:45.852000', 'FEMALE', 'https://rickandmortyapi.com/api/character/avatar/60.jpeg', 'Calypso', 'Human', 'DEAD', 'Superhuman', null, null),
('61', '2017-11-05 11:53:44.737000', 'MALE', 'https://rickandmortyapi.com/api/character/avatar/61.jpeg', 'Campaign Manager Morty', 'Human', 'DEAD', '', '3', null),
('62', '2017-11-05 12:06:23.217000', 'MALE', 'https://rickandmortyapi.com/api/character/avatar/62.jpeg', 'Canklanker Thom', 'Alien', 'DEAD', 'Gromflomite', null, '19'),
('63', '2017-11-05 12:22:17.848000', 'MALE', 'https://rickandmortyapi.com/api/character/avatar/63.jpeg', 'Centaur', 'Mythological Creature', 'ALIVE', 'Centaur', '18', null),
('64', '2017-11-05 12:25:03.541000', 'UNKNOWN', 'https://rickandmortyapi.com/api/character/avatar/64.jpeg', 'Chris', 'Alien', 'DEAD', 'Organic gun', '20', null),
('65', '2017-11-30 11:02:41.935000', 'MALE', 'https://rickandmortyapi.com/api/character/avatar/65.jpeg', 'Chris', 'Humanoid', 'ALIVE', 'Microverse inhabitant', '24', '24'),
('66', '2017-11-30 11:10:10.491000', 'MALE', 'https://rickandmortyapi.com/api/character/avatar/66.jpeg', 'Coach Feratu (Balik Alistane)', 'Mythological Creature', 'DEAD', 'Vampire', '20', '20'),
('67', '2017-11-30 11:13:46.785000', 'MALE', 'https://rickandmortyapi.com/api/character/avatar/67.jpeg', 'Collector', 'Alien', 'ALIVE', 'Light bulb-Alien', '25', '25'),
('68', '2017-11-30 11:17:32.733000', 'MALE', 'https://rickandmortyapi.com/api/character/avatar/68.jpeg', 'Colossus', 'Human', 'DEAD', '', '8', '8'),
('69', '2017-11-30 11:28:06.461000', 'MALE', 'https://rickandmortyapi.com/api/character/avatar/69.jpeg', 'Commander Rick', 'Human', 'DEAD', '', '3', null),
('70', '2017-11-30 11:31:41.926000', 'MALE', 'https://rickandmortyapi.com/api/character/avatar/70.jpeg', 'Concerto', 'Humanoid', 'DEAD', '', null, null),
('71', '2017-11-30 11:35:50.183000', 'UNKNOWN', 'https://rickandmortyapi.com/api/character/avatar/71.jpeg', 'Conroy', 'Robot', 'DEAD', '', '1', '20'),
('72', '2017-11-30 11:41:11.542000', 'MALE', 'https://rickandmortyapi.com/api/character/avatar/72.jpeg', 'Cool Rick', 'Human', 'ALIVE', '', '3', '26'),
('73', '2017-11-30 11:43:04.217000', 'MALE', 'https://rickandmortyapi.com/api/character/avatar/73.jpeg', 'Cop Morty', 'Human', 'DEAD', '', '3', null),
('74', '2017-11-30 11:48:18.950000', 'MALE', 'https://rickandmortyapi.com/api/character/avatar/74.jpeg', 'Cop Rick', 'Human', 'ALIVE', '', '3', null),
('75', '2017-11-30 12:12:57.553000', 'UNKNOWN', 'https://rickandmortyapi.com/api/character/avatar/75.jpeg', 'Courier Flap', 'Alien', 'ALIVE', '', '35', null),
('76', '2017-11-30 14:11:52.882000', 'MALE', 'https://rickandmortyapi.com/api/character/avatar/76.jpeg', 'Cousin Nicky', 'Alien', 'DEAD', 'Parasite', '20', null),
('77', '2017-11-30 14:13:17.371000', 'MALE', 'https://rickandmortyapi.com/api/character/avatar/77.jpeg', 'Cowboy Morty', 'Human', 'ALIVE', '', '3', null),
('78', '2017-11-30 14:15:18.347000', 'MALE', 'https://rickandmortyapi.com/api/character/avatar/78.jpeg', 'Cowboy Rick', 'Human', 'ALIVE', '', '3', null),
('79', '2017-11-30 14:18:16.899000', 'UNKNOWN', 'https://rickandmortyapi.com/api/character/avatar/79.jpeg', 'Crab Spider', 'Alien', 'ALIVE', 'Animal', '27', '27'),
('80', '2017-11-30 14:20:35.772000', 'FEMALE', 'https://rickandmortyapi.com/api/character/avatar/80.jpeg', 'Creepy Little Girl', 'Human', 'ALIVE', '', '18', null),
('81', '2017-11-30 14:23:41.053000', 'MALE', 'https://rickandmortyapi.com/api/character/avatar/81.jpeg', 'Crocubot', 'Animal', 'DEAD', 'Robot-Crocodile hybrid', '4', null),
('82', '2017-11-30 14:28:54.596000', 'MALE', 'https://rickandmortyapi.com/api/character/avatar/82.jpeg', 'Cronenberg Rick', 'Cronenberg', 'UNKNOWN', '', '1', '12'),
('83', '2017-11-30 20:02:29.204000', 'MALE', 'https://rickandmortyapi.com/api/character/avatar/83.jpeg', 'Cronenberg Morty', 'Cronenberg', 'UNKNOWN', '', '1', '12'),
('84', '2017-11-30 20:41:48.080000', 'MALE', 'https://rickandmortyapi.com/api/character/avatar/84.jpeg', 'Cult Leader Morty', 'Human', 'ALIVE', '', '27', null),
('85', '2017-11-30 20:49:52.133000', 'MALE', 'https://rickandmortyapi.com/api/character/avatar/85.jpeg', 'Cyclops Morty', 'Humanoid', 'ALIVE', '', '3', null),
('86', '2017-11-30 20:53:10.382000', 'MALE', 'https://rickandmortyapi.com/api/character/avatar/86.jpeg', 'Cyclops Rick', 'Humanoid', 'DEAD', '', '3', null),
('87', '2017-11-30 21:08:32.534000', 'FEMALE', 'https://rickandmortyapi.com/api/character/avatar/87.jpeg', 'Cynthia', 'Alien', 'DEAD', 'Zigerion', '46', null),
('88', '2017-11-30 21:16:35.633000', 'FEMALE', 'https://rickandmortyapi.com/api/character/avatar/88.jpeg', 'Cynthia', 'Human', 'ALIVE', '', '20', '20'),
('89', '2017-12-01 10:32:08.340000', 'MALE', 'https://rickandmortyapi.com/api/character/avatar/89.jpeg', 'Dale', 'Mythological Creature', 'DEAD', 'Giant', '14', '14'),
('90', '2017-12-01 10:54:34.736000', 'MALE', 'https://rickandmortyapi.com/api/character/avatar/90.jpeg', 'Daron Jefferson', 'Alien', 'ALIVE', 'Cone-nippled alien', '28', '28'),
('91', '2017-12-01 11:12:25.105000', 'MALE', 'https://rickandmortyapi.com/api/character/avatar/91.jpeg', 'David Letterman', 'Human', 'ALIVE', '', '23', '23'),
('92', '2017-12-01 11:20:51.247000', 'MALE', 'https://rickandmortyapi.com/api/character/avatar/92.jpeg', 'Davin', 'Human', 'DEAD', '', '1', '1'),
('93', '2017-12-01 11:36:16.467000', 'MALE', 'https://rickandmortyapi.com/api/character/avatar/93.jpeg', 'Diablo Verde', 'Mythological Creature', 'DEAD', 'Demon', '29', null),
('94', '2017-12-01 11:49:43.929000', 'FEMALE', 'https://rickandmortyapi.com/api/character/avatar/94.jpeg', 'Diane Sanchez', 'Human', 'DEAD', '', '126', '1'),
('95', '2017-12-01 11:54:36.670000', 'UNKNOWN', 'https://rickandmortyapi.com/api/character/avatar/95.jpeg', 'Dipper and Mabel Mortys', 'Human', 'UNKNOWN', '', '3', null),
('96', '2017-12-01 11:59:04.796000', 'UNKNOWN', 'https://rickandmortyapi.com/api/character/avatar/96.jpeg', 'Tuberculosis', 'Disease', 'DEAD', '', '5', '5'),
('97', '2017-12-01 12:00:27.028000', 'UNKNOWN', 'https://rickandmortyapi.com/api/character/avatar/97.jpeg', 'Gonorrhea', 'Disease', 'DEAD', '', '5', '5'),
('98', '2017-12-01 12:01:43.742000', 'UNKNOWN', 'https://rickandmortyapi.com/api/character/avatar/98.jpeg', 'Hepatitis A', 'Disease', 'DEAD', '', '5', '5'),
('99', '2017-12-01 12:02:00.935000', 'UNKNOWN', 'https://rickandmortyapi.com/api/character/avatar/99.jpeg', 'Hepatitis C', 'Disease', 'DEAD', '', '5', '5'),
('100', '2017-12-01 12:02:21.611000', 'UNKNOWN', 'https://rickandmortyapi.com/api/character/avatar/100.jpeg', 'Bubonic Plague', 'Disease', 'DEAD', '', '5', '5'),
('101', '2017-12-01 12:03:31.433000', 'UNKNOWN', 'https://rickandmortyapi.com/api/character/avatar/101.jpeg', 'E. Coli', 'Disease', 'DEAD', '', '5', '5'),
('102', '2017-12-01 12:21:21.357000', 'FEMALE', 'https://rickandmortyapi.com/api/character/avatar/102.jpeg', 'Donna Gueterman', 'Robot', 'DEAD', '', '35', null),
('103', '2017-12-01 12:29:27.984000', 'MALE', 'https://rickandmortyapi.com/api/character/avatar/103.jpeg', 'Doofus Rick', 'Human', 'UNKNOWN', '', '20', '31'),
('104', '2017-12-26 12:34:36.758000', 'UNKNOWN', 'https://rickandmortyapi.com/api/character/avatar/104.jpeg', 'Doom-Nomitron', 'Alien', 'DEAD', 'Shapeshifter', '29', null),
('105', '2017-12-26 12:39:22.855000', 'MALE', 'https://rickandmortyapi.com/api/character/avatar/105.jpeg', 'Dr. Glip-Glop', 'Alien', 'DEAD', '', '16', null),
('106', '2017-12-26 12:46:48.805000', 'MALE', 'https://rickandmortyapi.com/api/character/avatar/106.jpeg', 'Dr. Schmidt', 'Human', 'UNKNOWN', 'Game', '32', '32'),
('107', '2017-12-26 12:55:58.449000', 'FEMALE', 'https://rickandmortyapi.com/api/character/avatar/107.jpeg', 'Dr. Wong', 'Human', 'ALIVE', '', '20', '20'),
('108', '2017-12-26 13:14:12.157000', 'MALE', 'https://rickandmortyapi.com/api/character/avatar/108.jpeg', 'Dr. Xenon Bloom', 'Humanoid', 'DEAD', 'Amoeba-Person', '5', null),
('109', '2017-12-26 13:17:40.686000', 'MALE', 'https://rickandmortyapi.com/api/character/avatar/109.jpeg', 'Duck With Muscles', 'Alien', 'DEAD', 'Parasite', '20', null),
('110', '2017-12-26 13:37:27.635000', 'MALE', 'https://rickandmortyapi.com/api/character/avatar/110.jpeg', 'Eli', 'Human', 'ALIVE', '', '8', '8'),
('111', '2017-12-26 13:38:47.115000', 'FEMALE', 'https://rickandmortyapi.com/api/character/avatar/111.jpeg', 'Eli\'s Girlfriend', 'Human', 'ALIVE', '', '8', '8'),
('112', '2017-12-26 13:40:06.005000', 'MALE', 'https://rickandmortyapi.com/api/character/avatar/112.jpeg', 'Eric McMan', 'Human', 'ALIVE', '', '1', '1'),
('113', '2017-12-26 13:43:29.296000', 'MALE', 'https://rickandmortyapi.com/api/character/avatar/113.jpeg', 'Eric Stoltz Mask Morty', 'Human', 'UNKNOWN', '', '20', '33'),
('114', '2017-12-26 16:01:13.904000', 'MALE', 'https://rickandmortyapi.com/api/character/avatar/114.jpeg', 'Ethan', 'Human', 'UNKNOWN', 'Cronenberg', '1', '1'),
('115', '2017-12-26 16:01:50.939000', 'MALE', 'https://rickandmortyapi.com/api/character/avatar/115.jpeg', 'Ethan', 'Human', 'ALIVE', '', '20', '20'),
('116', '2017-12-26 16:10:47.781000', 'FEMALE', 'https://rickandmortyapi.com/api/character/avatar/116.jpeg', 'Evil Beth Clone', 'Human', 'DEAD', 'Clone', '1', null),
('117', '2017-12-26 16:11:15.395000', 'MALE', 'https://rickandmortyapi.com/api/character/avatar/117.jpeg', 'Evil Jerry Clone', 'Human', 'DEAD', 'Clone', '1', null),
('118', '2017-12-26 16:13:41.103000', 'MALE', 'https://rickandmortyapi.com/api/character/avatar/118.jpeg', 'Evil Morty', 'Human', 'ALIVE', '', '3', null),
('119', '2017-12-26 16:17:16.472000', 'MALE', 'https://rickandmortyapi.com/api/character/avatar/119.jpeg', 'Evil Rick', 'Humanoid', 'DEAD', 'Robot', '3', null),
('120', '2017-12-26 16:24:02.059000', 'FEMALE', 'https://rickandmortyapi.com/api/character/avatar/120.jpeg', 'Evil Summer Clone', 'Human', 'DEAD', 'Clone', '1', null),
('121', '2017-12-26 16:41:58.391000', 'MALE', 'https://rickandmortyapi.com/api/character/avatar/121.jpeg', 'Eyehole Man', 'Alien', 'ALIVE', '', '6', null),
('122', '2017-12-26 17:19:40.474000', 'MALE', 'https://rickandmortyapi.com/api/character/avatar/122.jpeg', 'Fart', 'Alien', 'DEAD', 'Interdimensional gaseous being', null, null),
('123', '2017-12-26 17:22:40.315000', 'MALE', 'https://rickandmortyapi.com/api/character/avatar/123.jpeg', 'Fat Morty', 'Human', 'ALIVE', '', '3', null),
('124', '2017-12-26 17:31:29.113000', 'MALE', 'https://rickandmortyapi.com/api/character/avatar/124.jpeg', 'Father Bob', 'Human', 'ALIVE', '', '20', '20'),
('125', '2017-12-26 17:43:58.410000', 'UNKNOWN', 'https://rickandmortyapi.com/api/character/avatar/125.jpeg', 'Flansian', 'Alien', 'ALIVE', 'Flansian', '35', null),
('126', '2017-12-26 18:45:42.593000', 'UNKNOWN', 'https://rickandmortyapi.com/api/character/avatar/126.jpeg', 'Fleeb', 'Alien', 'UNKNOWN', '', '6', null),
('127', '2017-12-26 19:22:48.474000', 'MALE', 'https://rickandmortyapi.com/api/character/avatar/127.jpeg', 'Frank Palicky', 'Human', 'DEAD', '', '1', '1'),
('128', '2017-12-26 19:24:56.679000', 'MALE', 'https://rickandmortyapi.com/api/character/avatar/128.jpeg', 'Frankenstein\'s Monster', 'Alien', 'DEAD', 'Parasite', '20', null),
('129', '2017-12-26 19:30:02.242000', 'FEMALE', 'https://rickandmortyapi.com/api/character/avatar/129.jpeg', 'Fulgora', 'Human', 'ALIVE', '', '6', null),
('130', '2017-12-26 19:49:41.160000', 'MALE', 'https://rickandmortyapi.com/api/character/avatar/130.jpeg', 'Galactic Federation President', 'Alien', 'DEAD', 'Gromflomite', null, null),
('131', '2017-12-26 19:54:43.476000', 'MALE', 'https://rickandmortyapi.com/api/character/avatar/131.jpeg', 'Gar Gloonch', 'Alien', 'DEAD', 'Zombodian', '13', null),
('132', '2017-12-26 20:02:38.033000', 'MALE', 'https://rickandmortyapi.com/api/character/avatar/132.jpeg', 'Gar\'s Mytholog', 'Mythological Creature', 'DEAD', 'Mytholog', '13', '13'),
('133', '2017-12-26 20:30:45.943000', 'MALE', 'https://rickandmortyapi.com/api/character/avatar/133.jpeg', 'Garblovian', 'Alien', 'ALIVE', 'Garblovian', null, '36'),
('134', '2017-12-26 20:36:54.577000', 'MALE', 'https://rickandmortyapi.com/api/character/avatar/134.jpeg', 'Garmanarnar', 'Alien', 'ALIVE', '', '6', null),
('135', '2017-12-26 20:51:43.614000', 'MALE', 'https://rickandmortyapi.com/api/character/avatar/135.jpeg', 'Garment District Rick', 'Human', 'DEAD', '', '3', null),
('136', '2017-12-27 17:59:59.058000', 'MALE', 'https://rickandmortyapi.com/api/character/avatar/136.jpeg', 'Gazorpazorpfield', 'Alien', 'ALIVE', 'Gazorpian', '6', '40'),
('137', '2017-12-27 18:14:57.885000', 'MALE', 'https://rickandmortyapi.com/api/character/avatar/137.jpeg', 'Gene', 'Human', 'ALIVE', '', '20', '20'),
('138', '2017-12-27 18:22:18.387000', 'MALE', 'https://rickandmortyapi.com/api/character/avatar/138.jpeg', 'General Nathan', 'Human', 'DEAD', '', '20', '20'),
('139', '2017-12-27 18:41:03.124000', 'MALE', 'https://rickandmortyapi.com/api/character/avatar/139.jpeg', 'General Store Owner', 'Alien', 'DEAD', 'Cat-Person', '9', '9'),
('140', '2017-12-27 18:47:44.566000', 'MALE', 'https://rickandmortyapi.com/api/character/avatar/140.jpeg', 'Genital Washer', 'Human', 'ALIVE', '', '8', '8'),
('141', '2017-12-27 19:14:14.545000', 'GENDERLESS', 'https://rickandmortyapi.com/api/character/avatar/141.jpeg', 'Ghost in a Jar', 'Alien', 'DEAD', 'Parasite', '20', null),
('142', '2017-12-27 20:16:32.187000', 'UNKNOWN', 'https://rickandmortyapi.com/api/character/avatar/142.jpeg', 'Gibble Snake', 'Alien', 'DEAD', 'Animal', '37', '37'),
('143', '2017-12-27 20:37:26.134000', 'MALE', 'https://rickandmortyapi.com/api/character/avatar/143.jpeg', 'Glasses Morty', 'Human', 'ALIVE', '', '3', null),
('144', '2017-12-29 10:37:48.319000', 'MALE', 'https://rickandmortyapi.com/api/character/avatar/144.jpeg', 'Glenn', 'Alien', 'DEAD', 'Gromflomite', '38', null),
('145', '2017-12-29 11:03:43.118000', 'MALE', 'https://rickandmortyapi.com/api/character/avatar/145.jpeg', 'Glenn', 'Human', 'ALIVE', 'Eat shiter-Person', '6', null),
('146', '2017-12-29 11:28:29.380000', 'MALE', 'https://rickandmortyapi.com/api/character/avatar/146.jpeg', 'Glexo Slim Slom', 'Alien', 'ALIVE', '', '13', null),
('147', '2017-12-29 11:38:29.578000', 'MALE', 'https://rickandmortyapi.com/api/character/avatar/147.jpeg', 'Gobo', 'Alien', 'DEAD', '', '20', null),
('148', '2017-12-29 11:40:25.135000', 'FEMALE', 'https://rickandmortyapi.com/api/character/avatar/148.jpeg', 'Goddess Beth', 'Mythological Creature', 'UNKNOWN', 'Goddess', '13', '13'),
('149', '2017-12-29 11:44:00.169000', 'MALE', 'https://rickandmortyapi.com/api/character/avatar/149.jpeg', 'Gordon Lunas', 'Human', 'DEAD', '', '20', null),
('150', '2017-12-29 12:02:33.550000', 'MALE', 'https://rickandmortyapi.com/api/character/avatar/150.jpeg', 'Cornvelious Daniel', 'Alien', 'DEAD', 'Gromflomite', '39', null),
('151', '2017-12-29 12:31:50.388000', 'FEMALE', 'https://rickandmortyapi.com/api/character/avatar/151.jpeg', 'Gwendolyn', 'Robot', 'UNKNOWN', 'Gazorpian reproduction robot', '20', '40'),
('152', '2017-12-29 15:20:16.842000', 'MALE', 'https://rickandmortyapi.com/api/character/avatar/152.jpeg', 'Hammerhead Morty', 'Humanoid', 'UNKNOWN', 'Hammerhead-Person', '3', null),
('153', '2017-12-29 15:27:54.281000', 'UNKNOWN', 'https://rickandmortyapi.com/api/character/avatar/153.jpeg', 'Hamster In Butt', 'Animal', 'ALIVE', '', '41', '41'),
('154', '2017-12-29 15:32:05.287000', 'MALE', 'https://rickandmortyapi.com/api/character/avatar/154.jpeg', 'Hamurai', 'Alien', 'DEAD', 'Parasite', '20', null),
('155', '2017-12-29 15:41:18.773000', 'MALE', 'https://rickandmortyapi.com/api/character/avatar/155.jpeg', 'Harold', 'Cronenberg', 'ALIVE', '', '1', '1'),
('156', '2017-12-29 15:44:40.083000', 'MALE', 'https://rickandmortyapi.com/api/character/avatar/156.jpeg', 'Hemorrhage', 'Human', 'ALIVE', '', '8', '8'),
('157', '2017-12-29 15:47:57.352000', 'GENDERLESS', 'https://rickandmortyapi.com/api/character/avatar/157.jpeg', 'Hole in the Wall Where the Men Can See it All', 'unknown', 'UNKNOWN', 'Hole', '6', null),
('158', '2017-12-29 15:53:48.952000', 'UNKNOWN', 'https://rickandmortyapi.com/api/character/avatar/158.jpeg', 'Hookah Alien', 'Alien', 'ALIVE', 'Tuskfish', '38', null),
('159', '2017-12-29 16:03:28.792000', 'MALE', 'https://rickandmortyapi.com/api/character/avatar/159.jpeg', 'Hunter', 'Human', 'DEAD', 'Clone', '42', '42'),
('160', '2017-12-29 16:07:04.040000', 'MALE', 'https://rickandmortyapi.com/api/character/avatar/160.jpeg', 'Hunter\'s Father', 'Human', 'ALIVE', '', '42', '42'),
('161', '2017-12-29 16:10:40.290000', 'FEMALE', 'https://rickandmortyapi.com/api/character/avatar/161.jpeg', 'Hydrogen-F', 'Alien', 'ALIVE', 'Alphabetrian', '43', '43'),
('162', '2017-12-29 16:42:59.207000', 'MALE', 'https://rickandmortyapi.com/api/character/avatar/162.jpeg', 'Ice-T', 'Alien', 'ALIVE', 'Alphabetrian', '43', '43'),
('163', '2017-12-29 16:46:41.345000', 'MALE', 'https://rickandmortyapi.com/api/character/avatar/163.jpeg', 'Ideal Jerry', 'Mythological Creature', 'DEAD', 'Mytholog', '13', '13'),
('164', '2017-12-29 17:03:08.645000', 'MALE', 'https://rickandmortyapi.com/api/character/avatar/164.jpeg', 'Insurance Rick', 'Human', 'UNKNOWN', '', '3', null),
('165', '2017-12-29 17:05:15.514000', 'MALE', 'https://rickandmortyapi.com/api/character/avatar/165.jpeg', 'Investigator Rick', 'Human', 'DEAD', '', '3', null),
('166', '2017-12-29 17:06:28.325000', 'MALE', 'https://rickandmortyapi.com/api/character/avatar/166.jpeg', 'Invisi-trooper', 'Human', 'ALIVE', '', '20', '20'),
('167', '2017-12-29 17:07:59.024000', 'UNKNOWN', 'https://rickandmortyapi.com/api/character/avatar/167.jpeg', 'Izzy', 'Animal', 'ALIVE', 'Cat', '20', '20'),
('168', '2017-12-29 17:14:03.430000', 'FEMALE', 'https://rickandmortyapi.com/api/character/avatar/168.jpeg', 'Jackie', 'Alien', 'ALIVE', 'Gazorpian', '40', '40'),
('169', '2017-12-29 17:20:52.037000', 'MALE', 'https://rickandmortyapi.com/api/character/avatar/169.jpeg', 'Jacob', 'Human', 'ALIVE', '', '1', '1'),
('170', '2017-12-29 17:22:17.707000', 'FEMALE', 'https://rickandmortyapi.com/api/character/avatar/170.jpeg', 'Jacqueline', 'Human', 'ALIVE', '', '20', '20'),
('171', '2017-12-29 17:25:38.138000', 'MALE', 'https://rickandmortyapi.com/api/character/avatar/171.jpeg', 'Jaguar', 'Human', 'ALIVE', '', '20', '20'),
('172', '2017-12-29 17:30:20.654000', 'MALE', 'https://rickandmortyapi.com/api/character/avatar/172.jpeg', 'Jamey', 'Human', 'ALIVE', '', '20', '20'),
('173', '2017-12-29 17:33:23.972000', 'MALE', 'https://rickandmortyapi.com/api/character/avatar/173.jpeg', 'Jan-Michael Vincent', 'Human', 'ALIVE', '', '6', null),
('174', '2017-12-29 17:50:19.991000', 'MALE', 'https://rickandmortyapi.com/api/character/avatar/174.jpeg', 'Jerry 5-126', 'Human', 'ALIVE', '', '44', '17'),
('175', '2017-12-29 18:07:17.610000', 'MALE', 'https://rickandmortyapi.com/api/character/avatar/175.jpeg', 'Jerry Smith', 'Human', 'ALIVE', '', '1', '1'),
('176', '2017-12-29 18:25:11.930000', 'MALE', 'https://rickandmortyapi.com/api/character/avatar/176.jpeg', 'Celebrity Jerry', 'Human', 'ALIVE', '', '23', '23'),
('177', '2017-12-29 18:28:19.424000', 'MALE', 'https://rickandmortyapi.com/api/character/avatar/177.jpeg', 'Jerry Smith', 'Human', 'ALIVE', '', '34', '34'),
('178', '2017-12-29 18:29:31.279000', 'MALE', 'https://rickandmortyapi.com/api/character/avatar/178.jpeg', 'Jerry\'s Mytholog', 'Mythological Creature', 'DEAD', 'Mytholog', '13', '13'),
('179', '2017-12-29 18:34:37.806000', 'FEMALE', 'https://rickandmortyapi.com/api/character/avatar/179.jpeg', 'Jessica', 'Cronenberg', 'ALIVE', '', '1', '1'),
('180', '2017-12-29 18:36:27.225000', 'FEMALE', 'https://rickandmortyapi.com/api/character/avatar/180.jpeg', 'Jessica', 'Human', 'ALIVE', 'Time God', '20', '20'),
('181', '2017-12-29 18:47:23.345000', 'FEMALE', 'https://rickandmortyapi.com/api/character/avatar/181.jpeg', 'Jessica\'s Friend', 'Human', 'ALIVE', '', '20', '1'),
('182', '2017-12-29 18:49:48.953000', 'MALE', 'https://rickandmortyapi.com/api/character/avatar/182.jpeg', 'Jim', 'Human', 'ALIVE', '', '20', '20'),
('183', '2017-12-29 18:51:29.693000', 'MALE', 'https://rickandmortyapi.com/api/character/avatar/183.jpeg', 'Johnny Depp', 'Human', 'ALIVE', '', '23', '23'),
('184', '2017-12-29 18:54:04.572000', 'MALE', 'https://rickandmortyapi.com/api/character/avatar/184.jpeg', 'Jon', 'Alien', 'ALIVE', 'Gazorpian', '6', '40'),
('185', '2017-12-29 18:56:15.622000', 'MALE', 'https://rickandmortyapi.com/api/character/avatar/185.jpeg', 'Joseph Eli Lipkip', 'Human', 'ALIVE', '', '20', '20'),
('186', '2017-12-29 18:58:34.530000', 'FEMALE', 'https://rickandmortyapi.com/api/character/avatar/186.jpeg', 'Joyce Smith', 'Human', 'ALIVE', '', '1', '1'),
('187', '2017-12-29 18:59:47.440000', 'MALE', 'https://rickandmortyapi.com/api/character/avatar/187.jpeg', 'Juggling Rick', 'Human', 'UNKNOWN', '', '3', null),
('188', '2017-12-29 19:10:16.171000', 'FEMALE', 'https://rickandmortyapi.com/api/character/avatar/188.jpeg', 'Karen Entity', 'Alien', 'ALIVE', 'Unknown-nippled alien', '28', '28'),
('189', '2017-12-29 19:13:57.070000', 'FEMALE', 'https://rickandmortyapi.com/api/character/avatar/189.jpeg', 'Katarina', 'Human', 'DEAD', '', '20', '20'),
('190', '2017-12-29 19:26:06.900000', 'FEMALE', 'https://rickandmortyapi.com/api/character/avatar/190.jpeg', 'Keara', 'Alien', 'ALIVE', 'Krootabulan', '20', '45'),
('191', '2017-12-29 19:40:07.816000', 'MALE', 'https://rickandmortyapi.com/api/character/avatar/191.jpeg', 'Kevin', 'Alien', 'DEAD', 'Zigerion', '46', null),
('192', '2017-12-29 19:49:29.297000', 'MALE', 'https://rickandmortyapi.com/api/character/avatar/192.jpeg', 'King Flippy Nips', 'Alien', 'ALIVE', 'Plutonian', '47', '47'),
('193', '2017-12-29 19:58:44.743000', 'MALE', 'https://rickandmortyapi.com/api/character/avatar/193.jpeg', 'King Jellybean', 'Mythological Creature', 'DEAD', 'Jellybean', '48', '48'),
('194', '2017-12-30 12:13:53.878000', 'UNKNOWN', 'https://rickandmortyapi.com/api/character/avatar/194.jpeg', 'Kozbian', 'Alien', 'ALIVE', 'Tentacle alien', '35', null),
('195', '2017-12-30 12:19:16.042000', 'FEMALE', 'https://rickandmortyapi.com/api/character/avatar/195.jpeg', 'Kristen Stewart', 'Human', 'ALIVE', '', '23', '23'),
('196', '2017-12-30 12:28:52.954000', 'MALE', 'https://rickandmortyapi.com/api/character/avatar/196.jpeg', 'Krombopulos Michael', 'Alien', 'DEAD', 'Gromflomite', null, null),
('197', '2017-12-30 12:39:09.025000', 'MALE', 'https://rickandmortyapi.com/api/character/avatar/197.jpeg', 'Kyle', 'Humanoid', 'DEAD', 'Miniverse inhabitant', '50', '49'),
('198', '2017-12-30 12:43:37.571000', 'FEMALE', 'https://rickandmortyapi.com/api/character/avatar/198.jpeg', 'Lady Katana', 'Humanoid', 'DEAD', 'Cyborg', '29', null),
('199', '2017-12-30 12:48:44.677000', 'UNKNOWN', 'https://rickandmortyapi.com/api/character/avatar/199.jpeg', 'Larva Alien', 'Alien', 'ALIVE', 'Larva alien', '35', '51'),
('200', '2017-12-30 12:49:52.971000', 'MALE', 'https://rickandmortyapi.com/api/character/avatar/200.jpeg', 'Lawyer Morty', 'Human', 'UNKNOWN', '', '3', null),
('201', '2017-12-30 12:51:27.835000', 'MALE', 'https://rickandmortyapi.com/api/character/avatar/201.jpeg', 'Leonard Smith', 'Human', 'ALIVE', '', '1', '1'),
('202', '2017-12-30 12:53:11.937000', 'MALE', 'https://rickandmortyapi.com/api/character/avatar/202.jpeg', 'Lighthouse Keeper', 'Alien', 'DEAD', 'Cat-Person', '9', '9'),
('203', '2017-12-30 12:54:31.725000', 'MALE', 'https://rickandmortyapi.com/api/character/avatar/203.jpeg', 'Lil B', 'Alien', 'DEAD', 'Snail alien', '20', null),
('204', '2017-12-30 12:59:58.460000', 'FEMALE', 'https://rickandmortyapi.com/api/character/avatar/204.jpeg', 'Lisa', 'Alien', 'DEAD', '', '7', null),
('205', '2017-12-30 13:03:12.366000', 'MALE', 'https://rickandmortyapi.com/api/character/avatar/205.jpeg', 'Little Dipper', 'Humanoid', 'ALIVE', 'Tinymouth', '6', null),
('206', '2017-12-30 13:06:09.094000', 'MALE', 'https://rickandmortyapi.com/api/character/avatar/206.jpeg', 'Lizard Morty', 'Humanoid', 'ALIVE', 'Lizard-Person', '3', null),
('207', '2017-12-30 13:54:28.627000', 'MALE', 'https://rickandmortyapi.com/api/character/avatar/207.jpeg', 'Loggins', 'Alien', 'ALIVE', 'Alligator-Person', '6', null),
('208', '2017-12-30 13:58:41.417000', 'MALE', 'https://rickandmortyapi.com/api/character/avatar/208.jpeg', 'Logic', 'Human', 'ALIVE', '', '4', null),
('209', '2017-12-30 14:00:06.755000', 'MALE', 'https://rickandmortyapi.com/api/character/avatar/209.jpeg', 'Long Sleeved Morty', 'Human', 'UNKNOWN', '', '3', null),
('210', '2017-12-30 14:01:23.319000', 'FEMALE', 'https://rickandmortyapi.com/api/character/avatar/210.jpeg', 'Lucy', 'Human', 'DEAD', '', '20', '20'),
('211', '2017-12-30 14:16:00.484000', 'FEMALE', 'https://rickandmortyapi.com/api/character/avatar/211.jpeg', 'Ma-Sha', 'Alien', 'ALIVE', 'Gazorpian', '40', '40'),
('212', '2017-12-30 14:19:10.419000', 'MALE', 'https://rickandmortyapi.com/api/character/avatar/212.jpeg', 'Magma-Q', 'Alien', 'DEAD', 'Alphabetrian', '43', '43'),
('213', '2017-12-30 14:21:16.121000', 'MALE', 'https://rickandmortyapi.com/api/character/avatar/213.jpeg', 'Magnesium-J', 'Alien', 'ALIVE', 'Alphabetrian', '43', '43'),
('214', '2017-12-30 14:24:57.993000', 'MALE', 'https://rickandmortyapi.com/api/character/avatar/214.jpeg', 'Man Painted Silver Who Makes Robot Noises', 'Human', 'ALIVE', '', '6', null),
('215', '2017-12-30 14:27:55.489000', 'MALE', 'https://rickandmortyapi.com/api/character/avatar/215.jpeg', 'Maximums Rickimus', 'Human', 'DEAD', '', '126', null),
('216', '2017-12-30 14:30:06.479000', 'MALE', 'https://rickandmortyapi.com/api/character/avatar/216.jpeg', 'MC Haps', 'Human', 'ALIVE', '', '1', '1'),
('217', '2017-12-30 14:32:17.158000', 'MALE', 'https://rickandmortyapi.com/api/character/avatar/217.jpeg', 'Mechanical Morty', 'Robot', 'DEAD', '', '20', '20'),
('218', '2017-12-30 14:33:16.920000', 'MALE', 'https://rickandmortyapi.com/api/character/avatar/218.jpeg', 'Mechanical Rick', 'Robot', 'UNKNOWN', '', '20', '20'),
('219', '2017-12-30 14:33:49.392000', 'FEMALE', 'https://rickandmortyapi.com/api/character/avatar/219.jpeg', 'Mechanical Summer', 'Robot', 'UNKNOWN', '', '20', '20'),
('220', '2017-12-30 14:35:30.736000', 'MALE', 'https://rickandmortyapi.com/api/character/avatar/220.jpeg', 'Mega Fruit Farmer Rick', 'Human', 'ALIVE', '', '3', null),
('221', '2017-12-30 14:38:04.718000', 'FEMALE', 'https://rickandmortyapi.com/api/character/avatar/221.jpeg', 'Melissa', 'Mythological Creature', 'ALIVE', 'Monster', '18', '18'),
('222', '2017-12-30 14:44:05.245000', 'MALE', 'https://rickandmortyapi.com/api/character/avatar/222.jpeg', 'Michael Denny and the Denny Singers', 'Human', 'ALIVE', '', '6', null),
('223', '2017-12-30 14:44:51.373000', 'MALE', 'https://rickandmortyapi.com/api/character/avatar/223.jpeg', 'Michael Jenkins', 'Human', 'DEAD', '', '6', null),
('224', '2017-12-30 15:49:28.666000', 'MALE', 'https://rickandmortyapi.com/api/character/avatar/224.jpeg', 'Michael McLick', 'Human', 'ALIVE', '', '6', null),
('225', '2017-12-30 15:59:31.558000', 'MALE', 'https://rickandmortyapi.com/api/character/avatar/225.jpeg', 'Michael Thompson', 'Humanoid', 'ALIVE', 'Conjoined twin', '6', null),
('226', '2017-12-30 16:04:56.879000', 'MALE', 'https://rickandmortyapi.com/api/character/avatar/226.jpeg', 'Million Ants', 'Animal', 'DEAD', 'Sentient ant colony', '4', null),
('227', '2017-12-30 16:08:38.157000', 'MALE', 'https://rickandmortyapi.com/api/character/avatar/227.jpeg', 'Mitch', 'Human', 'ALIVE', '', '20', '20'),
('228', '2017-12-30 16:10:03.881000', 'MALE', 'https://rickandmortyapi.com/api/character/avatar/228.jpeg', 'Mohawk Guy', 'Human', 'DEAD', '', '8', '8'),
('229', '2017-12-30 16:12:33.382000', 'MALE', 'https://rickandmortyapi.com/api/character/avatar/229.jpeg', 'Morty Mart Manager Morty', 'Human', 'ALIVE', '', '3', null),
('230', '2017-12-30 16:20:51.391000', 'MALE', 'https://rickandmortyapi.com/api/character/avatar/230.jpeg', 'Morty Jr.', 'Humanoid', 'ALIVE', 'Human Gazorpian', '20', '20'),
('231', '2017-12-30 16:23:45.894000', 'MALE', 'https://rickandmortyapi.com/api/character/avatar/231.jpeg', 'Morty Rick', 'Human', 'UNKNOWN', '', '3', null),
('232', '2017-12-30 16:29:27.863000', 'MALE', 'https://rickandmortyapi.com/api/character/avatar/232.jpeg', 'Morty Smith', 'Human', 'ALIVE', '', '34', '34'),
('233', '2017-12-30 16:33:49.577000', 'MALE', 'https://rickandmortyapi.com/api/character/avatar/233.jpeg', 'Morty K-22', 'Human', 'ALIVE', '', '20', '52'),
('234', '2017-12-30 16:35:01.223000', 'MALE', 'https://rickandmortyapi.com/api/character/avatar/234.jpeg', 'Morty Smith', 'Human', 'DEAD', '', '20', '20'),
('235', '2017-12-30 16:37:07.150000', 'MALE', 'https://rickandmortyapi.com/api/character/avatar/235.jpeg', 'Mortytown Loco', 'Human', 'DEAD', '', '3', null),
('236', '2017-12-30 17:28:28.409000', 'MALE', 'https://rickandmortyapi.com/api/character/avatar/236.jpeg', 'Mr. Beauregard', 'Alien', 'DEAD', 'Parasite', '20', null),
('237', '2017-12-30 17:30:31.757000', 'MALE', 'https://rickandmortyapi.com/api/character/avatar/237.jpeg', 'Mr. Benson', 'Human', 'ALIVE', '', '20', '20'),
('238', '2017-12-30 17:36:12.853000', 'MALE', 'https://rickandmortyapi.com/api/character/avatar/238.jpeg', 'Mr. Booby Buyer', 'Mythological Creature', 'ALIVE', 'Boobie buyer reptilian', '48', '48'),
('239', '2017-12-30 17:42:11.894000', 'MALE', 'https://rickandmortyapi.com/api/character/avatar/239.jpeg', 'Mr. Goldenfold', 'Cronenberg', 'ALIVE', '', '1', '1'),
('240', '2017-12-30 17:42:56.349000', 'MALE', 'https://rickandmortyapi.com/api/character/avatar/240.jpeg', 'Mr. Goldenfold', 'Human', 'ALIVE', '', '20', '20'),
('241', '2017-12-30 17:46:19.052000', 'MALE', 'https://rickandmortyapi.com/api/character/avatar/241.jpeg', 'Mr. Marklovitz', 'Human', 'ALIVE', '', '20', '1'),
('242', '2017-12-30 17:52:12.243000', 'MALE', 'https://rickandmortyapi.com/api/character/avatar/242.jpeg', 'Mr. Meeseeks', 'Humanoid', 'UNKNOWN', 'Meeseeks', '77', '53'),
('243', '2017-12-30 17:54:06.996000', 'MALE', 'https://rickandmortyapi.com/api/character/avatar/243.jpeg', 'Mr. Needful', 'Humanoid', 'ALIVE', 'The Devil', '20', null),
('244', '2017-12-30 18:03:48.054000', 'MALE', 'https://rickandmortyapi.com/api/character/avatar/244.jpeg', 'Mr. Poopybutthole', 'Poopybutthole', 'ALIVE', '', '20', null),
('245', '2017-12-30 18:05:59.999000', 'FEMALE', 'https://rickandmortyapi.com/api/character/avatar/245.jpeg', 'Mrs. Lipkip', 'Human', 'ALIVE', '', '20', '20'),
('246', '2017-12-30 18:09:39.304000', 'FEMALE', 'https://rickandmortyapi.com/api/character/avatar/246.jpeg', 'Mrs. Pancakes', 'Human', 'ALIVE', '', '18', '1'),
('247', '2017-12-30 18:10:48.293000', 'FEMALE', 'https://rickandmortyapi.com/api/character/avatar/247.jpeg', 'Amy Poopybutthole', 'Poopybutthole', 'ALIVE', '', null, null),
('248', '2017-12-30 18:12:38.369000', 'FEMALE', 'https://rickandmortyapi.com/api/character/avatar/248.jpeg', 'Mrs. Refrigerator', 'Alien', 'DEAD', 'Parasite', '20', null),
('249', '2017-12-30 18:18:10.965000', 'FEMALE', 'https://rickandmortyapi.com/api/character/avatar/249.jpeg', 'Mrs. Sanchez', 'Human', 'UNKNOWN', '', null, null),
('250', '2017-12-30 18:24:49.372000', 'FEMALE', 'https://rickandmortyapi.com/api/character/avatar/250.jpeg', 'Mrs. Sullivan', 'Human', 'DEAD', 'Cat controlled dead lady', '6', '23'),
('251', '2017-12-31 12:46:54.095000', 'FEMALE', 'https://rickandmortyapi.com/api/character/avatar/251.jpeg', 'Nancy', 'Human', 'ALIVE', '', '20', '20'),
('252', '2017-12-31 12:57:37.849000', 'MALE', 'https://rickandmortyapi.com/api/character/avatar/252.jpeg', 'Noob-Noob', 'Poopybutthole', 'ALIVE', '', '54', null),
('253', '2017-12-31 13:04:01.585000', 'UNKNOWN', 'https://rickandmortyapi.com/api/character/avatar/253.jpeg', 'Numbericon', 'Alien', 'UNKNOWN', 'Numbericon', '43', null),
('254', '2017-12-31 13:06:35.982000', 'MALE', 'https://rickandmortyapi.com/api/character/avatar/254.jpeg', 'Octopus Man', 'Humanoid', 'ALIVE', 'Octopus-Person', '6', null),
('255', '2017-12-31 13:19:29.825000', 'MALE', 'https://rickandmortyapi.com/api/character/avatar/255.jpeg', 'Orthodox Jew', 'Human', 'ALIVE', '', '20', '20'),
('256', '2017-12-31 13:23:08.567000', 'MALE', 'https://rickandmortyapi.com/api/character/avatar/256.jpeg', 'Pat Gueterman', 'Robot', 'DEAD', '', '35', null),
('257', '2017-12-31 13:23:47.704000', 'MALE', 'https://rickandmortyapi.com/api/character/avatar/257.jpeg', 'Paul Fleishman', 'Human', 'ALIVE', '', '44', null),
('258', '2017-12-31 13:30:33.611000', 'MALE', 'https://rickandmortyapi.com/api/character/avatar/258.jpeg', 'Pawnshop Clerk', 'Alien', 'ALIVE', '', '55', null),
('259', '2017-12-31 13:33:48.488000', 'MALE', 'https://rickandmortyapi.com/api/character/avatar/259.jpeg', 'Pencilvester', 'Alien', 'DEAD', 'Parasite', '20', null),
('260', '2017-12-31 13:34:58.839000', 'MALE', 'https://rickandmortyapi.com/api/character/avatar/260.jpeg', 'Phillip Jacobs', 'Human', 'ALIVE', '', '6', null),
('261', '2017-12-31 13:38:53.640000', 'MALE', 'https://rickandmortyapi.com/api/character/avatar/261.jpeg', 'Photography Cyborg', 'Robot', 'UNKNOWN', '', '35', null),
('262', '2017-12-31 13:40:32.312000', 'UNKNOWN', 'https://rickandmortyapi.com/api/character/avatar/262.jpeg', 'Photography Raptor', 'Alien', 'DEAD', 'Parasite', '20', null),
('263', '2017-12-31 13:43:30.513000', 'MALE', 'https://rickandmortyapi.com/api/character/avatar/263.jpeg', 'Pibbles Bodyguard', 'Alien', 'ALIVE', 'Hairy alien', '16', null),
('264', '2017-12-31 13:44:43.176000', 'MALE', 'https://rickandmortyapi.com/api/character/avatar/264.jpeg', 'Pichael Thompson', 'Humanoid', 'ALIVE', 'Conjoined twin', '6', null),
('265', '2017-12-31 13:47:10.617000', 'MALE', 'https://rickandmortyapi.com/api/character/avatar/265.jpeg', 'Pickle Rick', 'unknown', 'ALIVE', 'Pickle', '20', '1'),
('266', '2017-12-31 13:48:58.850000', 'GENDERLESS', 'https://rickandmortyapi.com/api/character/avatar/266.jpeg', 'Piece of Toast', 'unknown', 'ALIVE', 'Bread', '6', null),
('267', '2017-12-31 13:50:57.337000', 'MALE', 'https://rickandmortyapi.com/api/character/avatar/267.jpeg', 'Plumber Rick', 'Human', 'ALIVE', '', '3', null),
('268', '2017-12-31 13:53:25.411000', 'MALE', 'https://rickandmortyapi.com/api/character/avatar/268.jpeg', 'Poncho', 'Human', 'DEAD', '', '5', null),
('269', '2017-12-31 14:01:44.995000', 'FEMALE', 'https://rickandmortyapi.com/api/character/avatar/269.jpeg', 'Presidentress of The Mega Gargantuans', 'Humanoid', 'ALIVE', 'Mega Gargantuan', '56', '56'),
('270', '2017-12-31 14:05:24.406000', 'MALE', 'https://rickandmortyapi.com/api/character/avatar/270.jpeg', 'Prince Nebulon', 'Alien', 'DEAD', 'Zigerion', '46', null),
('271', '2017-12-31 14:08:43.602000', 'MALE', 'https://rickandmortyapi.com/api/character/avatar/271.jpeg', 'Principal Vagina', 'Cronenberg', 'ALIVE', '', '1', '1'),
('272', '2017-12-31 14:09:09.071000', 'MALE', 'https://rickandmortyapi.com/api/character/avatar/272.jpeg', 'Principal Vagina', 'Human', 'ALIVE', '', '20', '20'),
('273', '2017-12-31 14:13:54.909000', 'MALE', 'https://rickandmortyapi.com/api/character/avatar/273.jpeg', 'Purge Planet Ruler', 'Alien', 'DEAD', 'Cat-Person', '9', '9'),
('274', '2017-12-31 14:15:28.051000', 'MALE', 'https://rickandmortyapi.com/api/character/avatar/274.jpeg', 'Quantum Rick', 'Human', 'UNKNOWN', '', '126', null),
('275', '2017-12-31 14:16:45.776000', 'MALE', 'https://rickandmortyapi.com/api/character/avatar/275.jpeg', 'Randy Dicknose', 'Human', 'ALIVE', '', '6', null),
('276', '2017-12-31 14:17:21.782000', 'UNKNOWN', 'https://rickandmortyapi.com/api/character/avatar/276.jpeg', 'Rat Boss', 'Animal', 'DEAD', 'Rat', '20', '20'),
('277', '2017-12-31 14:18:30.570000', 'MALE', 'https://rickandmortyapi.com/api/character/avatar/277.jpeg', 'Real Fake Doors Salesman', 'Human', 'ALIVE', '', '6', null),
('278', '2017-12-31 14:19:36.487000', 'MALE', 'https://rickandmortyapi.com/api/character/avatar/278.jpeg', 'Regional Manager Rick', 'Human', 'DEAD', '', '3', null),
('279', '2017-12-31 14:20:31.936000', 'MALE', 'https://rickandmortyapi.com/api/character/avatar/279.jpeg', 'Regular Legs', 'Human', 'ALIVE', '', '6', null),
('280', '2017-12-31 14:22:46.285000', 'MALE', 'https://rickandmortyapi.com/api/character/avatar/280.jpeg', 'Reverse Giraffe', 'Alien', 'DEAD', 'Parasite', '20', null),
('281', '2017-12-31 14:23:53.056000', 'MALE', 'https://rickandmortyapi.com/api/character/avatar/281.jpeg', 'Reverse Rick Outrage', 'Human', 'DEAD', '', '3', null),
('282', '2017-12-31 19:21:17.351000', 'MALE', 'https://rickandmortyapi.com/api/character/avatar/282.jpeg', 'Revolio Clockberg Jr.', 'Alien', 'UNKNOWN', 'Gear-Person', '57', '57'),
('283', '2017-12-31 19:23:53.188000', 'MALE', 'https://rickandmortyapi.com/api/character/avatar/283.jpeg', 'Rick D. Sanchez III', 'Human', 'DEAD', '', '3', null),
('284', '2017-12-31 19:25:18.205000', 'MALE', 'https://rickandmortyapi.com/api/character/avatar/284.jpeg', 'Rick Guilt Rick', 'Human', 'UNKNOWN', '', '3', null),
('285', '2017-12-31 19:45:46.470000', 'MALE', 'https://rickandmortyapi.com/api/character/avatar/285.jpeg', 'Rick Prime', 'Human', 'DEAD', '', '3', null),
('286', '2017-12-31 19:49:55.181000', 'MALE', 'https://rickandmortyapi.com/api/character/avatar/286.jpeg', 'Rick D-99', 'Human', 'DEAD', '', '3', '58'),
('287', '2017-12-31 19:51:33.244000', 'MALE', 'https://rickandmortyapi.com/api/character/avatar/287.jpeg', 'Rick D716', 'Human', 'DEAD', '', '3', '59'),
('288', '2017-12-31 19:55:25.101000', 'MALE', 'https://rickandmortyapi.com/api/character/avatar/288.jpeg', 'Rick D716-B', 'Human', 'ALIVE', '', '3', '60'),
('289', '2017-12-31 19:57:36.546000', 'MALE', 'https://rickandmortyapi.com/api/character/avatar/289.jpeg', 'Rick D716-C', 'Human', 'ALIVE', '', '3', '61'),
('290', '2017-12-31 20:15:25.716000', 'MALE', 'https://rickandmortyapi.com/api/character/avatar/290.jpeg', 'Rick Sanchez', 'Human', 'DEAD', '', '34', '34'),
('291', '2017-12-31 20:16:52.337000', 'MALE', 'https://rickandmortyapi.com/api/character/avatar/291.jpeg', 'Rick J-22', 'Human', 'ALIVE', '', '3', '62'),
('292', '2017-12-31 20:20:40.484000', 'MALE', 'https://rickandmortyapi.com/api/character/avatar/292.jpeg', 'Rick K-22', 'Human', 'ALIVE', '', '20', '52'),
('293', '2017-12-31 20:22:29.032000', 'MALE', 'https://rickandmortyapi.com/api/character/avatar/293.jpeg', 'Rick Sanchez', 'Human', 'DEAD', '', '20', '20'),
('294', '2017-12-31 20:24:30.396000', 'MALE', 'https://rickandmortyapi.com/api/character/avatar/294.jpeg', 'Ricktiminus Sancheziminius', 'Human', 'DEAD', '', '126', null),
('295', '2017-12-31 20:25:28.554000', 'MALE', 'https://rickandmortyapi.com/api/character/avatar/295.jpeg', 'Riq IV', 'Human', 'DEAD', '', '3', null),
('296', '2017-12-31 20:32:33.361000', 'MALE', 'https://rickandmortyapi.com/api/character/avatar/296.jpeg', 'Risotto Groupon', 'Alien', 'DEAD', 'Blue ape alien', '37', '37'),
('297', '2017-12-31 20:34:58.394000', 'MALE', 'https://rickandmortyapi.com/api/character/avatar/297.jpeg', 'Risotto\'s Tentacled Henchman', 'Alien', 'DEAD', 'Tentacle alien', '37', '37'),
('298', '2017-12-31 20:37:30.747000', 'MALE', 'https://rickandmortyapi.com/api/character/avatar/298.jpeg', 'Robot Morty', 'Robot', 'UNKNOWN', '', '3', null),
('299', '2017-12-31 20:38:17.990000', 'MALE', 'https://rickandmortyapi.com/api/character/avatar/299.jpeg', 'Robot Rick', 'Robot', 'UNKNOWN', '', '3', null),
('300', '2017-12-31 20:39:35.047000', 'MALE', 'https://rickandmortyapi.com/api/character/avatar/300.jpeg', 'Roger', 'Human', 'DEAD', '', '5', '1'),
('301', '2018-01-05 14:02:20.902000', 'MALE', 'https://rickandmortyapi.com/api/character/avatar/301.jpeg', 'Ron Benson', 'Alien', 'ALIVE', 'Ring-nippled alien', '28', '28'),
('302', '2018-01-05 14:03:21.824000', 'MALE', 'https://rickandmortyapi.com/api/character/avatar/302.jpeg', 'Ruben', 'Human', 'DEAD', '', '1', '1'),
('303', '2018-01-05 14:09:03.150000', 'FEMALE', 'https://rickandmortyapi.com/api/character/avatar/303.jpeg', 'Samantha', 'Human', 'ALIVE', '', '1', '1'),
('304', '2018-01-05 14:11:17.550000', 'MALE', 'https://rickandmortyapi.com/api/character/avatar/304.jpeg', 'Scary Brandon', 'Mythological Creature', 'ALIVE', 'Monster', '18', '18'),
('305', '2018-01-05 14:11:53.287000', 'MALE', 'https://rickandmortyapi.com/api/character/avatar/305.jpeg', 'Scary Glenn', 'Mythological Creature', 'ALIVE', 'Monster', '18', '18'),
('306', '2018-01-05 14:13:01.564000', 'MALE', 'https://rickandmortyapi.com/api/character/avatar/306.jpeg', 'Scary Terry', 'Mythological Creature', 'ALIVE', 'Monster', '18', '18'),
('307', '2018-01-05 14:20:41.693000', 'MALE', 'https://rickandmortyapi.com/api/character/avatar/307.jpeg', 'Scroopy Noopers', 'Alien', 'ALIVE', 'Plutonian', '47', '47'),
('308', '2018-01-05 14:22:47.706000', 'MALE', 'https://rickandmortyapi.com/api/character/avatar/308.jpeg', 'Scropon', 'Alien', 'UNKNOWN', 'Lobster-Alien', '35', null),
('309', '2018-01-05 14:26:50.679000', 'MALE', 'https://rickandmortyapi.com/api/character/avatar/309.jpeg', 'Scrotian', 'Animal', 'ALIVE', 'Scrotian', '22', null),
('310', '2018-01-05 14:29:21.347000', 'MALE', 'https://rickandmortyapi.com/api/character/avatar/310.jpeg', 'Self-Congratulatory Jerry', 'Mythological Creature', 'UNKNOWN', 'Mytholog', '13', '13'),
('311', '2018-01-05 14:44:01.276000', 'MALE', 'https://rickandmortyapi.com/api/character/avatar/311.jpeg', 'Shimshamian', 'Alien', 'ALIVE', 'Shimshamian', '35', null),
('312', '2018-01-05 14:45:39.235000', 'UNKNOWN', 'https://rickandmortyapi.com/api/character/avatar/312.jpeg', 'Shlaammi', 'Alien', 'ALIVE', '', '6', null),
('313', '2018-01-05 14:52:31.489000', 'MALE', 'https://rickandmortyapi.com/api/character/avatar/313.jpeg', 'Shleemypants', 'unknown', 'ALIVE', 'Omniscient being', '78', null),
('314', '2018-01-05 14:53:23.739000', 'FEMALE', 'https://rickandmortyapi.com/api/character/avatar/314.jpeg', 'Shmlamantha Shmlicelli', 'Human', 'ALIVE', '', '6', null),
('315', '2018-01-05 14:54:37.641000', 'FEMALE', 'https://rickandmortyapi.com/api/character/avatar/315.jpeg', 'Shmlangela Shmlobinson-Shmlower', 'Human', 'ALIVE', '', '6', null),
('316', '2018-01-05 14:55:42.034000', 'FEMALE', 'https://rickandmortyapi.com/api/character/avatar/316.jpeg', 'Shmlona Shmlobinson', 'Human', 'ALIVE', '', '6', null),
('317', '2018-01-05 14:56:15.428000', 'MALE', 'https://rickandmortyapi.com/api/character/avatar/317.jpeg', 'Shmlonathan Shmlower', 'Human', 'ALIVE', '', '6', null),
('318', '2018-01-05 14:56:45.502000', 'MALE', 'https://rickandmortyapi.com/api/character/avatar/318.jpeg', 'Shmlony Shmlicelli', 'Human', 'ALIVE', '', '6', null),
('319', '2018-01-05 14:59:34.798000', 'MALE', 'https://rickandmortyapi.com/api/character/avatar/319.jpeg', 'Shmooglite Runner', 'Alien', 'UNKNOWN', 'Animal', '37', '37'),
('320', '2018-01-05 15:02:28.103000', 'MALE', 'https://rickandmortyapi.com/api/character/avatar/320.jpeg', 'Shnoopy Bloopers', 'Alien', 'UNKNOWN', '', '7', null),
('321', '2018-01-05 15:07:50.789000', 'MALE', 'https://rickandmortyapi.com/api/character/avatar/321.jpeg', 'Shrimply Pibbles', 'Alien', 'ALIVE', '', '16', null),
('322', '2018-01-05 15:12:03.933000', 'MALE', 'https://rickandmortyapi.com/api/character/avatar/322.jpeg', 'Simple Rick', 'Human', 'DEAD', '', '3', null),
('323', '2018-01-05 15:13:46.862000', 'MALE', 'https://rickandmortyapi.com/api/character/avatar/323.jpeg', 'Slaveowner', 'Human', 'DEAD', '', '8', '8'),
('324', '2018-01-05 15:17:26.876000', 'MALE', 'https://rickandmortyapi.com/api/character/avatar/324.jpeg', 'Sleepy Gary', 'Alien', 'DEAD', 'Parasite', '20', null),
('325', '2018-01-10 16:06:48.366000', 'MALE', 'https://rickandmortyapi.com/api/character/avatar/325.jpeg', 'Slick Morty', 'Human', 'DEAD', '', '3', null),
('326', '2018-01-10 16:11:09.964000', 'MALE', 'https://rickandmortyapi.com/api/character/avatar/326.jpeg', 'Slippery Stair', 'Mythological Creature', 'ALIVE', 'Slug', '20', '48'),
('327', '2018-01-10 16:13:26.380000', 'MALE', 'https://rickandmortyapi.com/api/character/avatar/327.jpeg', 'Slow Mobius', 'Humanoid', 'ALIVE', '', '20', null),
('328', '2018-01-10 16:14:16.331000', 'MALE', 'https://rickandmortyapi.com/api/character/avatar/328.jpeg', 'Slow Rick', 'Human', 'ALIVE', '', '3', null),
('329', '2018-01-10 16:24:49.586000', 'MALE', 'https://rickandmortyapi.com/api/character/avatar/329.jpeg', 'Snuffles (Snowball)', 'Animal', 'ALIVE', 'Dog', null, '1'),
('330', '2018-01-10 16:26:27.705000', 'MALE', 'https://rickandmortyapi.com/api/character/avatar/330.jpeg', 'Solicitor Rick', 'Human', 'UNKNOWN', '', '3', null),
('331', '2018-01-10 16:29:25.344000', 'MALE', 'https://rickandmortyapi.com/api/character/avatar/331.jpeg', 'Squanchy', 'Alien', 'UNKNOWN', 'Cat-Person', '35', '35'),
('332', '2018-01-10 16:31:10.465000', 'FEMALE', 'https://rickandmortyapi.com/api/character/avatar/332.jpeg', 'Stacy', 'Human', 'ALIVE', '', '20', '20'),
('333', '2018-01-10 16:34:19.420000', 'GENDERLESS', 'https://rickandmortyapi.com/api/character/avatar/333.jpeg', 'Stair Goblin', 'Mythological Creature', 'ALIVE', 'Stair goblin', '48', null),
('334', '2018-01-10 16:36:06.982000', 'MALE', 'https://rickandmortyapi.com/api/character/avatar/334.jpeg', 'Stealy', 'Poopybutthole', 'ALIVE', '', '6', null),
('335', '2018-01-10 16:39:34.837000', 'MALE', 'https://rickandmortyapi.com/api/character/avatar/335.jpeg', 'Steve', 'Human', 'ALIVE', '', '20', '20'),
('336', '2018-01-10 16:44:51.702000', 'MALE', 'https://rickandmortyapi.com/api/character/avatar/336.jpeg', 'Steven Phillips', 'Alien', 'ALIVE', 'Unknown-nippled alien', '28', '28'),
('337', '2018-01-10 16:50:57.710000', 'MALE', 'https://rickandmortyapi.com/api/character/avatar/337.jpeg', 'Stu', 'Alien', 'DEAD', 'Zigerion', '46', null),
('338', '2018-01-10 16:55:03.390000', 'FEMALE', 'https://rickandmortyapi.com/api/character/avatar/338.jpeg', 'Summer Smith', 'Human', 'ALIVE', '', '1', '1'),
('339', '2018-01-10 16:56:28.489000', 'FEMALE', 'https://rickandmortyapi.com/api/character/avatar/339.jpeg', 'Summer Smith', 'Human', 'ALIVE', '', '34', '34'),
('340', '2018-01-10 17:02:58.042000', 'FEMALE', 'https://rickandmortyapi.com/api/character/avatar/340.jpeg', 'Supernova', 'Human', 'ALIVE', 'Superhuman', '4', null),
('341', '2018-01-10 17:07:09.052000', 'MALE', 'https://rickandmortyapi.com/api/character/avatar/341.jpeg', 'Taddy Mason', 'Human', 'ALIVE', '', '20', '20'),
('342', '2018-01-10 17:23:26.944000', 'MALE', 'https://rickandmortyapi.com/api/character/avatar/342.jpeg', 'Taint Washer', 'Human', 'ALIVE', '', '8', '8'),
('343', '2018-01-10 17:27:04.773000', 'FEMALE', 'https://rickandmortyapi.com/api/character/avatar/343.jpeg', 'Tammy Guetermann', 'Cronenberg', 'ALIVE', '', '1', '1'),
('344', '2018-01-10 17:31:54.889000', 'FEMALE', 'https://rickandmortyapi.com/api/character/avatar/344.jpeg', 'Tammy Guetermann', 'Human', 'DEAD', '', '105', '20'),
('345', '2018-01-10 17:33:23.437000', 'MALE', 'https://rickandmortyapi.com/api/character/avatar/345.jpeg', 'Teacher Rick', 'Human', 'ALIVE', '', '3', null),
('346', '2018-01-10 17:37:51.767000', 'MALE', 'https://rickandmortyapi.com/api/character/avatar/346.jpeg', 'Terry', 'Human', 'UNKNOWN', '', '20', '20'),
('347', '2018-01-10 17:43:37.411000', 'MALE', 'https://rickandmortyapi.com/api/character/avatar/347.jpeg', 'President Curtis', 'Human', 'ALIVE', '', '20', '20'),
('348', '2018-01-10 17:47:59.043000', 'MALE', 'https://rickandmortyapi.com/api/character/avatar/348.jpeg', 'The President of the Miniverse', 'Humanoid', 'DEAD', 'Miniverse inhabitant', '49', '49'),
('349', '2018-01-10 17:49:09.995000', 'MALE', 'https://rickandmortyapi.com/api/character/avatar/349.jpeg', 'The Scientist Formerly Known as Rick', 'Human', 'DEAD', '', null, null),
('350', '2018-01-10 17:50:33.471000', 'MALE', 'https://rickandmortyapi.com/api/character/avatar/350.jpeg', 'Thomas Lipkip', 'Human', 'UNKNOWN', '', '63', '20'),
('351', '2018-01-10 17:57:31.022000', 'UNKNOWN', 'https://rickandmortyapi.com/api/character/avatar/351.jpeg', 'Three Unknown Things', 'Alien', 'ALIVE', '', '6', null),
('352', '2018-01-10 17:58:51.840000', 'FEMALE', 'https://rickandmortyapi.com/api/character/avatar/352.jpeg', 'Tinkles', 'Alien', 'DEAD', 'Parasite', '20', null),
('353', '2018-01-10 18:00:35.848000', 'MALE', 'https://rickandmortyapi.com/api/character/avatar/353.jpeg', 'Tiny Rick', 'Human', 'DEAD', 'Clone', '20', '20'),
('354', '2018-01-10 18:02:03.402000', 'MALE', 'https://rickandmortyapi.com/api/character/avatar/354.jpeg', 'Toby Matthews', 'Human', 'ALIVE', '', '20', '20'),
('355', '2018-01-10 18:05:46.294000', 'MALE', 'https://rickandmortyapi.com/api/character/avatar/355.jpeg', 'Todd Crystal', 'Alien', 'ALIVE', 'Unknown-nippled alien', '28', '28'),
('356', '2018-01-10 18:07:03.215000', 'MALE', 'https://rickandmortyapi.com/api/character/avatar/356.jpeg', 'Tom Randolph', 'Human', 'ALIVE', '', '1', '1'),
('357', '2018-01-10 18:07:45.541000', 'MALE', 'https://rickandmortyapi.com/api/character/avatar/357.jpeg', 'Tommy\'s Clone', 'Human', 'ALIVE', 'Clone', '20', '20'),
('358', '2018-01-10 18:09:34.482000', 'MALE', 'https://rickandmortyapi.com/api/character/avatar/358.jpeg', 'Tophat Jones', 'Mythological Creature', 'DEAD', 'Leprechaun', '6', null),
('359', '2018-01-10 18:14:50.992000', 'MALE', 'https://rickandmortyapi.com/api/character/avatar/359.jpeg', 'Tortured Morty', 'Human', 'UNKNOWN', '', '3', null),
('360', '2018-01-10 18:18:05.422000', 'MALE', 'https://rickandmortyapi.com/api/character/avatar/360.jpeg', 'Toxic Morty', 'Humanoid', 'DEAD', 'Morty\'s toxic side', '20', '64'),
('361', '2018-01-10 18:20:41.703000', 'MALE', 'https://rickandmortyapi.com/api/character/avatar/361.jpeg', 'Toxic Rick', 'Humanoid', 'DEAD', 'Rick\'s toxic side', '20', '64'),
('362', '2018-01-10 18:52:08.927000', 'UNKNOWN', 'https://rickandmortyapi.com/api/character/avatar/362.jpeg', 'Traflorkian', 'Alien', 'ALIVE', 'Traflorkian', '4', null),
('363', '2018-01-10 18:54:36.578000', 'MALE', 'https://rickandmortyapi.com/api/character/avatar/363.jpeg', 'Trandor', 'Alien', 'ALIVE', 'Krootabulan', '20', '45'),
('364', '2018-01-10 18:57:50.033000', 'UNKNOWN', 'https://rickandmortyapi.com/api/character/avatar/364.jpeg', 'Tree Person', 'Humanoid', 'DEAD', 'Teenyverse inhabitant', '50', '50'),
('365', '2018-01-10 18:59:31.842000', 'FEMALE', 'https://rickandmortyapi.com/api/character/avatar/365.jpeg', 'Tricia Lange', 'Human', 'ALIVE', '', '20', '20'),
('366', '2018-01-10 19:03:13.558000', 'MALE', 'https://rickandmortyapi.com/api/character/avatar/366.jpeg', 'Trunk Morty', 'Humanoid', 'ALIVE', 'Trunk-Person', '3', '65'),
('367', '2018-01-10 19:05:34.004000', 'MALE', 'https://rickandmortyapi.com/api/character/avatar/367.jpeg', 'Trunk Man', 'Humanoid', 'ALIVE', 'Trunk-Person', '6', '65'),
('368', '2018-01-10 19:14:35.885000', 'MALE', 'https://rickandmortyapi.com/api/character/avatar/368.jpeg', 'Truth Tortoise', 'Mythological Creature', 'UNKNOWN', 'Omniscient being', null, null),
('369', '2018-01-10 19:17:00.093000', 'MALE', 'https://rickandmortyapi.com/api/character/avatar/369.jpeg', 'Tusked Assassin', 'Alien', 'UNKNOWN', 'Tuskfish', '37', '37'),
('370', '2018-01-10 19:17:57.976000', 'MALE', 'https://rickandmortyapi.com/api/character/avatar/370.jpeg', 'Two Guys with Handlebar Mustaches', 'Human', 'ALIVE', '', '6', null),
('371', '2018-01-10 19:18:44.560000', 'MALE', 'https://rickandmortyapi.com/api/character/avatar/371.jpeg', 'Tumblorkian', 'Alien', 'ALIVE', 'Tumblorkian', '66', '66'),
('372', '2018-01-10 19:20:50.211000', 'GENDERLESS', 'https://rickandmortyapi.com/api/character/avatar/372.jpeg', 'Unity', 'Alien', 'ALIVE', 'Hivemind', '28', null),
('373', '2018-01-10 19:22:04.075000', 'MALE', 'https://rickandmortyapi.com/api/character/avatar/373.jpeg', 'Unmuscular Michael', 'Human', 'ALIVE', '', '6', null),
('374', '2018-01-10 19:23:45.478000', 'MALE', 'https://rickandmortyapi.com/api/character/avatar/374.jpeg', 'Vampire Master', 'Mythological Creature', 'ALIVE', 'Vampire', '20', '20'),
('375', '2018-01-10 19:26:00.957000', 'MALE', 'https://rickandmortyapi.com/api/character/avatar/375.jpeg', 'Vance Maximus', 'Human', 'DEAD', '', '4', null),
('376', '2018-01-10 19:27:06.246000', 'FEMALE', 'https://rickandmortyapi.com/api/character/avatar/376.jpeg', 'Veronica Ann Bennet', 'Alien', 'ALIVE', 'Gazorpian', '40', '40'),
('377', '2018-01-10 19:29:08.116000', 'UNKNOWN', 'https://rickandmortyapi.com/api/character/avatar/377.jpeg', 'Voltematron', 'Alien', 'DEAD', 'Parasite', '20', null),
('378', '2018-01-10 19:33:30.804000', 'MALE', 'https://rickandmortyapi.com/api/character/avatar/378.jpeg', 'Wall Crawling Rick', 'Humanoid', 'UNKNOWN', 'Lizard-Person', '3', null),
('379', '2018-01-10 19:37:41.375000', 'MALE', 'https://rickandmortyapi.com/api/character/avatar/379.jpeg', 'Wedding Bartender', 'Alien', 'UNKNOWN', '', '35', null),
('380', '2018-01-10 19:44:22.262000', 'MALE', 'https://rickandmortyapi.com/api/character/avatar/380.jpeg', 'Unknown Rick', 'Human', 'UNKNOWN', '', null, null),
('381', '2018-01-10 19:46:00.622000', 'FEMALE', 'https://rickandmortyapi.com/api/character/avatar/381.jpeg', 'Woman Rick', 'Alien', 'ALIVE', 'Chair', null, null),
('382', '2018-01-10 19:47:55.859000', 'MALE', 'https://rickandmortyapi.com/api/character/avatar/382.jpeg', 'Worldender', 'Alien', 'DEAD', '', '4', null),
('383', '2018-01-10 19:48:59.952000', 'MALE', 'https://rickandmortyapi.com/api/character/avatar/383.jpeg', 'Yaarb', 'Alien', 'ALIVE', '', '16', null),
('384', '2018-01-10 19:50:19.351000', 'MALE', 'https://rickandmortyapi.com/api/character/avatar/384.jpeg', 'Yellow Headed Doctor', 'Alien', 'ALIVE', '', '16', null),
('385', '2018-01-10 19:51:18.996000', 'MALE', 'https://rickandmortyapi.com/api/character/avatar/385.jpeg', 'Yellow Shirt Rick', 'Human', 'UNKNOWN', '', '3', null),
('386', '2018-01-10 19:52:40.898000', 'FEMALE', 'https://rickandmortyapi.com/api/character/avatar/386.jpeg', 'Zarbadar Gloonch', 'Alien', 'DEAD', 'Drumbloxian', '13', null),
('387', '2018-01-10 19:54:17.951000', 'FEMALE', 'https://rickandmortyapi.com/api/character/avatar/387.jpeg', 'Zarbadar\'s Mytholog', 'Mythological Creature', 'UNKNOWN', 'Mytholog', '13', '13'),
('388', '2018-01-10 19:56:57.790000', 'MALE', 'https://rickandmortyapi.com/api/character/avatar/388.jpeg', 'Zeep Xanflorp', 'Humanoid', 'ALIVE', 'Microverse inhabitant', '24', '24'),
('389', '2018-01-10 19:57:41.191000', 'MALE', 'https://rickandmortyapi.com/api/character/avatar/389.jpeg', 'Zeta Alpha Rick', 'Human', 'DEAD', '', '126', null),
('390', '2018-01-10 20:00:05.681000', 'MALE', 'https://rickandmortyapi.com/api/character/avatar/390.jpeg', 'Zick Zack', 'Alien', 'DEAD', 'Floop Floopian', '20', null),
('391', '2018-01-14 13:34:50.096000', 'MALE', 'https://rickandmortyapi.com/api/character/avatar/391.jpeg', 'Uncle Steve', 'Alien', 'DEAD', 'Parasite', '20', null),
('392', '2018-01-14 14:48:05.977000', 'MALE', 'https://rickandmortyapi.com/api/character/avatar/392.jpeg', 'Bearded Morty', 'Human', 'ALIVE', '', '3', null),
('393', '2018-01-20 19:15:27.239000', 'MALE', 'https://rickandmortyapi.com/api/character/avatar/393.jpeg', 'Roy', 'Human', 'ALIVE', 'Game', '32', '32'),
('394', '2018-01-20 19:48:42.201000', 'MALE', 'https://rickandmortyapi.com/api/character/avatar/394.jpeg', 'Davin', 'Cronenberg', 'DEAD', '', '1', '1'),
('395', '2018-04-15 16:46:31.715000', 'UNKNOWN', 'https://rickandmortyapi.com/api/character/avatar/395.jpeg', 'Greebybobe', 'Alien', 'ALIVE', 'Greebybobe', '4', '68'),
('396', '2018-04-15 17:10:07.639000', 'MALE', 'https://rickandmortyapi.com/api/character/avatar/396.jpeg', 'Scary Teacher', 'Mythological Creature', 'ALIVE', 'Monster', '18', '18'),
('397', '2018-04-15 17:15:28.777000', 'MALE', 'https://rickandmortyapi.com/api/character/avatar/397.jpeg', 'Fido', 'Animal', 'ALIVE', 'Dog', '70', '70'),
('398', '2018-04-15 17:23:04.169000', 'MALE', 'https://rickandmortyapi.com/api/character/avatar/398.jpeg', 'Accountant dog', 'Animal', 'ALIVE', 'Dog', '70', '70'),
('399', '2018-04-15 17:34:02.076000', 'MALE', 'https://rickandmortyapi.com/api/character/avatar/399.jpeg', 'Tiny-persons advocacy group lawyer', 'Mythological Creature', 'ALIVE', 'Giant', '14', '14'),
('400', '2018-04-15 17:36:11.295000', 'MALE', 'https://rickandmortyapi.com/api/character/avatar/400.jpeg', 'Giant Judge', 'Mythological Creature', 'ALIVE', 'Giant', '14', '14'),
('401', '2018-04-15 17:43:56.832000', 'MALE', 'https://rickandmortyapi.com/api/character/avatar/401.jpeg', 'Morty Jr\'s interviewer', 'Human', 'ALIVE', '', '20', '20'),
('402', '2018-04-15 17:45:38.589000', 'MALE', 'https://rickandmortyapi.com/api/character/avatar/402.jpeg', 'Guy from The Bachelor', 'Human', 'ALIVE', '', '20', '20'),
('403', '2018-04-15 17:48:50.629000', 'MALE', 'https://rickandmortyapi.com/api/character/avatar/403.jpeg', 'Corn detective', 'Humanoid', 'DEAD', 'Corn-person', '6', '6'),
('404', '2018-04-15 18:01:09.637000', 'MALE', 'https://rickandmortyapi.com/api/character/avatar/404.jpeg', 'Michael Jackson', 'Humanoid', 'ALIVE', 'Phone-Person', '72', '72'),
('405', '2018-04-15 20:31:46.065000', 'MALE', 'https://rickandmortyapi.com/api/character/avatar/405.jpeg', 'Trunkphobic suspenders guy', 'Human', 'ALIVE', '', '20', null),
('406', '2018-04-15 20:45:04.863000', 'UNKNOWN', 'https://rickandmortyapi.com/api/character/avatar/406.jpeg', 'Spiderweb teddy bear', 'Animal', 'ALIVE', 'Teddy Bear', '6', '6'),
('407', '2018-04-15 20:50:10.475000', 'MALE', 'https://rickandmortyapi.com/api/character/avatar/407.jpeg', 'Regular Tyrion Lannister', 'Human', 'ALIVE', '', '6', '6'),
('408', '2018-04-15 20:51:47.778000', 'MALE', 'https://rickandmortyapi.com/api/character/avatar/408.jpeg', 'Quick Mystery Presenter', 'Human', 'ALIVE', '', '6', '6'),
('409', '2018-04-15 21:04:09.405000', 'MALE', 'https://rickandmortyapi.com/api/character/avatar/409.jpeg', 'Mr. Sneezy', 'Human', 'ALIVE', 'Little Human', '6', '6'),
('410', '2018-04-15 21:06:18.686000', 'MALE', 'https://rickandmortyapi.com/api/character/avatar/410.jpeg', 'Two Brothers', 'Human', 'ALIVE', '', '6', '6'),
('411', '2018-04-15 21:10:27.986000', 'MALE', 'https://rickandmortyapi.com/api/character/avatar/411.jpeg', 'Alien Mexican Armada', 'Alien', 'UNKNOWN', 'Mexican', '6', '6'),
('412', '2018-04-15 21:14:09.223000', 'UNKNOWN', 'https://rickandmortyapi.com/api/character/avatar/412.jpeg', 'Giant Cat Monster', 'Animal', 'UNKNOWN', 'Giant Cat Monster', '6', '6'),
('413', '2018-04-15 21:21:32.623000', 'FEMALE', 'https://rickandmortyapi.com/api/character/avatar/413.jpeg', 'Old Women', 'Human', 'UNKNOWN', 'Old Amazons', '6', '6'),
('414', '2018-04-15 21:33:59.719000', 'MALE', 'https://rickandmortyapi.com/api/character/avatar/414.jpeg', 'Trunkphobic guy', 'Human', 'ALIVE', '', '6', '6'),
('415', '2018-04-15 21:34:21.911000', 'MALE', 'https://rickandmortyapi.com/api/character/avatar/415.jpeg', 'Pro trunk people marriage guy', 'Human', 'ALIVE', '', '6', '6'),
('416', '2018-04-15 21:39:22.608000', 'MALE', 'https://rickandmortyapi.com/api/character/avatar/416.jpeg', 'Muscular Mannie', 'Human', 'ALIVE', 'Mannie', '6', '6'),
('417', '2018-04-15 21:40:39.871000', 'MALE', 'https://rickandmortyapi.com/api/character/avatar/417.jpeg', 'Baby Legs Chief', 'Human', 'ALIVE', '', '6', '6'),
('418', '2018-04-15 21:43:43.867000', 'MALE', 'https://rickandmortyapi.com/api/character/avatar/418.jpeg', 'Mrs. Sullivan\'s Boyfriend', 'Human', 'ALIVE', 'Necrophiliac', '6', '6'),
('419', '2018-04-15 21:48:45.783000', 'FEMALE', 'https://rickandmortyapi.com/api/character/avatar/419.jpeg', 'Plutonian Hostess', 'Alien', 'ALIVE', 'Plutonian', '47', '47'),
('420', '2018-04-15 21:49:04.730000', 'MALE', 'https://rickandmortyapi.com/api/character/avatar/420.jpeg', 'Plutonian Host', 'Alien', 'ALIVE', 'Plutonian', '47', '47'),
('421', '2018-04-15 21:51:50.534000', 'FEMALE', 'https://rickandmortyapi.com/api/character/avatar/421.jpeg', 'Rich Plutonian', 'Alien', 'ALIVE', 'Plutonian', '47', '47'),
('422', '2018-04-15 21:52:14.642000', 'MALE', 'https://rickandmortyapi.com/api/character/avatar/422.jpeg', 'Rich Plutonian', 'Alien', 'ALIVE', 'Plutonian', '47', '47'),
('423', '2018-04-16 21:08:47.956000', 'UNKNOWN', 'https://rickandmortyapi.com/api/character/avatar/423.jpeg', 'Synthetic Laser Eels', 'Animal', 'ALIVE', 'Eel', '20', '20'),
('424', '2018-04-16 21:45:55.310000', 'MALE', 'https://rickandmortyapi.com/api/character/avatar/424.jpeg', 'Pizza-person', 'Humanoid', 'ALIVE', 'Pizza', '71', '71'),
('425', '2018-04-16 21:46:18.362000', 'MALE', 'https://rickandmortyapi.com/api/character/avatar/425.jpeg', 'Pizza-person', 'Humanoid', 'ALIVE', 'Pizza', '71', '71'),
('426', '2018-04-16 21:51:21.379000', 'FEMALE', 'https://rickandmortyapi.com/api/character/avatar/426.jpeg', 'Greasy Grandma', 'Human', 'ALIVE', 'Grandma', '73', '73'),
('427', '2018-04-16 21:54:05.375000', 'MALE', 'https://rickandmortyapi.com/api/character/avatar/427.jpeg', 'Phone-person', 'Humanoid', 'ALIVE', 'Phone', '72', '72'),
('428', '2018-04-16 21:54:48.372000', 'MALE', 'https://rickandmortyapi.com/api/character/avatar/428.jpeg', 'Phone-person', 'Humanoid', 'ALIVE', 'Phone', '72', '72'),
('429', '2018-04-16 21:59:25.798000', 'MALE', 'https://rickandmortyapi.com/api/character/avatar/429.jpeg', 'Chair-person', 'Humanoid', 'ALIVE', 'Chair', '74', '74'),
('430', '2018-04-16 21:59:48.220000', 'MALE', 'https://rickandmortyapi.com/api/character/avatar/430.jpeg', 'Chair-person', 'Humanoid', 'ALIVE', 'Chair', '74', '74'),
('431', '2018-04-16 22:01:17.927000', 'MALE', 'https://rickandmortyapi.com/api/character/avatar/431.jpeg', 'Chair-homeless', 'Humanoid', 'ALIVE', 'Chair', '74', '74'),
('432', '2018-04-16 22:02:26.106000', 'MALE', 'https://rickandmortyapi.com/api/character/avatar/432.jpeg', 'Chair-waiter', 'Humanoid', 'ALIVE', 'Chair', '74', '74'),
('433', '2018-04-16 22:05:05.745000', 'UNKNOWN', 'https://rickandmortyapi.com/api/character/avatar/433.jpeg', 'Doopidoo', 'Animal', 'ALIVE', 'Doopidoo', null, null),
('434', '2018-04-16 22:16:17.789000', 'MALE', 'https://rickandmortyapi.com/api/character/avatar/434.jpeg', 'Super Weird Rick', 'Human', 'UNKNOWN', '', null, null),
('435', '2018-04-16 22:21:57.962000', 'UNKNOWN', 'https://rickandmortyapi.com/api/character/avatar/435.jpeg', 'Pripudlian', 'Alien', 'ALIVE', 'Pripudlian', '20', null),
('436', '2018-04-16 22:33:01.337000', 'UNKNOWN', 'https://rickandmortyapi.com/api/character/avatar/436.jpeg', 'Giant Testicle Monster', 'Alien', 'ALIVE', '', '21', '21'),
('437', '2018-05-01 11:51:10.604000', 'MALE', 'https://rickandmortyapi.com/api/character/avatar/437.jpeg', 'Michael', 'Human', 'ALIVE', '', '20', '20'),
('438', '2018-05-01 11:57:16.266000', 'MALE', 'https://rickandmortyapi.com/api/character/avatar/438.jpeg', 'Michael\'s Lawyer', 'Human', 'ALIVE', '', '20', '20'),
('439', '2018-05-01 11:58:43.275000', 'FEMALE', 'https://rickandmortyapi.com/api/character/avatar/439.jpeg', 'Veterinary', 'Human', 'ALIVE', '', '20', '20'),
('440', '2018-05-01 11:59:15.544000', 'MALE', 'https://rickandmortyapi.com/api/character/avatar/440.jpeg', 'Veterinary Nurse', 'Human', 'ALIVE', '', '20', '20'),
('441', '2018-05-01 12:09:22.636000', 'MALE', 'https://rickandmortyapi.com/api/character/avatar/441.jpeg', 'Bearded Jerry', 'Human', 'ALIVE', '', '44', null),
('442', '2018-05-01 12:10:35.123000', 'MALE', 'https://rickandmortyapi.com/api/character/avatar/442.jpeg', 'Shaved Head Jerry', 'Human', 'ALIVE', '', '44', null),
('443', '2018-05-01 12:23:37.165000', 'MALE', 'https://rickandmortyapi.com/api/character/avatar/443.jpeg', 'Tank Top Jerry', 'Human', 'ALIVE', '', '44', null),
('444', '2018-05-01 12:27:08.632000', 'MALE', 'https://rickandmortyapi.com/api/character/avatar/444.jpeg', 'Pink Polo Shirt Jerry', 'Human', 'ALIVE', '', '44', null),
('445', '2018-05-01 13:09:57.921000', 'FEMALE', 'https://rickandmortyapi.com/api/character/avatar/445.jpeg', 'Jerryboree Keeper', 'Alien', 'ALIVE', '', '44', null),
('446', '2018-05-01 13:11:26.665000', 'MALE', 'https://rickandmortyapi.com/api/character/avatar/446.jpeg', 'Jerryboree Receptionist', 'Alien', 'ALIVE', '', '44', null),
('447', '2018-05-01 13:34:56.141000', 'MALE', 'https://rickandmortyapi.com/api/character/avatar/447.jpeg', 'Anchor Gear', 'Alien', 'ALIVE', 'Gear-Person', '57', '57'),
('448', '2018-05-01 13:38:21.237000', 'MALE', 'https://rickandmortyapi.com/api/character/avatar/448.jpeg', 'Gear Cop', 'Alien', 'DEAD', 'Gear-Person', '57', '57'),
('449', '2018-05-01 13:55:27.886000', 'FEMALE', 'https://rickandmortyapi.com/api/character/avatar/449.jpeg', 'Roy\'s Mum', 'Human', 'ALIVE', 'Game', '32', '32'),
('450', '2018-05-01 13:57:55.888000', 'MALE', 'https://rickandmortyapi.com/api/character/avatar/450.jpeg', 'Roy\'s Wife', 'Human', 'ALIVE', 'Game', '32', '32'),
('451', '2018-05-01 13:59:18.964000', 'MALE', 'https://rickandmortyapi.com/api/character/avatar/451.jpeg', 'Roy\'s Son', 'Human', 'ALIVE', 'Game', '32', '32'),
('452', '2018-05-01 14:20:10.187000', 'MALE', 'https://rickandmortyapi.com/api/character/avatar/452.jpeg', 'Simon', 'Human', 'ALIVE', '', '20', '20'),
('453', '2018-05-01 15:20:15.582000', 'MALE', 'https://rickandmortyapi.com/api/character/avatar/453.jpeg', 'Vampire Master\'s Assistant', 'Mythological Creature', 'ALIVE', 'Vampire', '20', null),
('454', '2018-05-01 15:30:21.493000', 'UNKNOWN', 'https://rickandmortyapi.com/api/character/avatar/454.jpeg', 'Arbolian Mentirososian', 'Alien', 'ALIVE', '', '16', '75'),
('455', '2018-05-01 15:34:19.679000', 'FEMALE', 'https://rickandmortyapi.com/api/character/avatar/455.jpeg', 'St. Gloopy Noops Nurse', 'Alien', 'ALIVE', '', '16', null),
('456', '2018-05-01 15:42:07.919000', 'MALE', 'https://rickandmortyapi.com/api/character/avatar/456.jpeg', 'Nano Doctor', 'Alien', 'ALIVE', 'Nano Alien', '16', null),
('457', '2018-05-01 16:08:23.458000', 'MALE', 'https://rickandmortyapi.com/api/character/avatar/457.jpeg', 'Funny Songs Presenter', 'Human', 'ALIVE', '', '6', null),
('458', '2018-05-01 16:11:17.925000', 'MALE', 'https://rickandmortyapi.com/api/character/avatar/458.jpeg', 'Tax Attorney', 'Human', 'UNKNOWN', '', '6', null),
('459', '2018-05-01 16:53:23.462000', 'MALE', 'https://rickandmortyapi.com/api/character/avatar/459.jpeg', 'Butthole Ice Cream Guy', 'Alien', 'ALIVE', '', '6', null),
('460', '2018-05-01 17:03:39.846000', 'MALE', 'https://rickandmortyapi.com/api/character/avatar/460.jpeg', 'Traflorkian Journalist', 'Alien', 'ALIVE', 'Traflorkian', '16', null),
('461', '2018-05-22 16:06:28.494000', 'MALE', 'https://rickandmortyapi.com/api/character/avatar/461.jpeg', 'Communication\'s Responsible Rick', 'Human', 'DEAD', '', '3', null),
('462', '2018-05-22 16:16:02.653000', 'MALE', 'https://rickandmortyapi.com/api/character/avatar/462.jpeg', 'Teleportation\'s Responsible Rick', 'Human', 'UNKNOWN', '', '3', null),
('463', '2018-05-22 16:21:44.379000', 'MALE', 'https://rickandmortyapi.com/api/character/avatar/463.jpeg', 'SEAL Team Rick', 'Human', 'DEAD', '', '3', null),
('464', '2018-05-22 16:21:58.176000', 'MALE', 'https://rickandmortyapi.com/api/character/avatar/464.jpeg', 'SEAL Team Rick', 'Human', 'DEAD', '', '3', null),
('465', '2018-05-22 16:22:12.309000', 'MALE', 'https://rickandmortyapi.com/api/character/avatar/465.jpeg', 'SEAL Team Rick', 'Human', 'DEAD', '', '3', null),
('466', '2018-05-22 16:23:24.470000', 'MALE', 'https://rickandmortyapi.com/api/character/avatar/466.jpeg', 'SEAL Team Rick', 'Human', 'DEAD', '', '3', null),
('467', '2018-05-22 16:46:18.038000', 'MALE', 'https://rickandmortyapi.com/api/character/avatar/467.jpeg', 'Morphizer-XE Customer Support', 'Alien', 'ALIVE', '', '20', null),
('468', '2018-05-22 16:46:37.603000', 'MALE', 'https://rickandmortyapi.com/api/character/avatar/468.jpeg', 'Morphizer-XE Customer Support', 'Alien', 'ALIVE', '', '20', null),
('469', '2018-05-22 16:46:50.518000', 'MALE', 'https://rickandmortyapi.com/api/character/avatar/469.jpeg', 'Morphizer-XE Customer Support', 'Alien', 'UNKNOWN', '', '20', null),
('470', '2018-05-22 17:01:59.602000', 'MALE', 'https://rickandmortyapi.com/api/character/avatar/470.jpeg', 'Alien Spa Employee', 'Alien', 'ALIVE', '', '76', null),
('471', '2018-05-22 17:07:21.833000', 'GENDERLESS', 'https://rickandmortyapi.com/api/character/avatar/471.jpeg', 'Little Voltron', 'Robot', 'ALIVE', '', '20', null),
('472', '2018-05-22 17:11:53.084000', 'MALE', 'https://rickandmortyapi.com/api/character/avatar/472.jpeg', 'Baby Rick', 'Human', 'ALIVE', 'Clone', '3', '3'),
('473', '2018-05-22 17:14:41.628000', 'MALE', 'https://rickandmortyapi.com/api/character/avatar/473.jpeg', 'Bartender Morty', 'Human', 'ALIVE', '', '3', null),
('474', '2018-05-22 17:17:10.102000', 'MALE', 'https://rickandmortyapi.com/api/character/avatar/474.jpeg', 'Dancer Cowboy Morty', 'Human', 'ALIVE', '', '3', null),
('475', '2018-05-22 17:17:49.270000', 'MALE', 'https://rickandmortyapi.com/api/character/avatar/475.jpeg', 'Dancer Morty', 'Human', 'ALIVE', '', '3', null),
('476', '2018-05-22 17:18:46.129000', 'MALE', 'https://rickandmortyapi.com/api/character/avatar/476.jpeg', 'Flower Morty', 'Human', 'ALIVE', 'Human with a flower in his head', '3', null),
('477', '2018-05-22 17:19:36.127000', 'MALE', 'https://rickandmortyapi.com/api/character/avatar/477.jpeg', 'Hairdresser Rick', 'Human', 'ALIVE', '', '3', null),
('478', '2018-05-22 17:22:18.417000', 'MALE', 'https://rickandmortyapi.com/api/character/avatar/478.jpeg', 'Journalist Rick', 'Human', 'ALIVE', '', '3', null),
('479', '2018-05-22 17:23:18.546000', 'MALE', 'https://rickandmortyapi.com/api/character/avatar/479.jpeg', 'Private Sector Rick', 'Human', 'DEAD', '', '3', null),
('480', '2018-05-22 17:24:38.571000', 'MALE', 'https://rickandmortyapi.com/api/character/avatar/480.jpeg', 'Purple Morty', 'Alien', 'ALIVE', '', '3', null),
('481', '2018-05-22 17:29:50.642000', 'MALE', 'https://rickandmortyapi.com/api/character/avatar/481.jpeg', 'Retired General Rick', 'Human', 'UNKNOWN', '', '3', null),
('482', '2018-05-22 17:32:32.561000', 'MALE', 'https://rickandmortyapi.com/api/character/avatar/482.jpeg', 'Secret Service Rick', 'Human', 'ALIVE', '', '3', null),
('483', '2018-05-22 17:33:33.815000', 'MALE', 'https://rickandmortyapi.com/api/character/avatar/483.jpeg', 'Steve Jobs Rick', 'Human', 'ALIVE', '', '3', null),
('484', '2018-05-22 17:35:26.250000', 'MALE', 'https://rickandmortyapi.com/api/character/avatar/484.jpeg', 'Sheik Rick', 'Human', 'DEAD', '', '3', null),
('485', '2018-05-22 17:36:56.925000', 'MALE', 'https://rickandmortyapi.com/api/character/avatar/485.jpeg', 'Modern Rick', 'Human', 'ALIVE', '', '3', null),
('486', '2018-05-22 17:37:37.764000', 'MALE', 'https://rickandmortyapi.com/api/character/avatar/486.jpeg', 'Tan Rick', 'Human', 'DEAD', '', '3', null),
('487', '2018-05-22 17:38:28.593000', 'MALE', 'https://rickandmortyapi.com/api/character/avatar/487.jpeg', 'Visor Rick', 'Human', 'DEAD', '', '3', null),
('488', '2018-05-22 17:39:06.439000', 'MALE', 'https://rickandmortyapi.com/api/character/avatar/488.jpeg', 'Colonial Rick', 'Human', 'DEAD', '', '3', null),
('489', '2018-05-22 17:39:37.604000', 'MALE', 'https://rickandmortyapi.com/api/character/avatar/489.jpeg', 'P-Coat Rick', 'Human', 'DEAD', '', '3', null),
('490', '2018-05-22 17:43:52.543000', 'MALE', 'https://rickandmortyapi.com/api/character/avatar/490.jpeg', 'Chang', 'Human', 'ALIVE', '', '25', null),
('491', '2018-05-22 17:44:32.071000', 'FEMALE', 'https://rickandmortyapi.com/api/character/avatar/491.jpeg', 'Dr. Eleanor Arroway', 'Human', 'ALIVE', '', '25', null),
('492', '2018-05-22 17:49:13.883000', 'UNKNOWN', 'https://rickandmortyapi.com/api/character/avatar/492.jpeg', 'Varrix', 'Alien', 'ALIVE', '', '20', null),
('493', '2018-05-22 17:51:07.373000', 'MALE', 'https://rickandmortyapi.com/api/character/avatar/493.jpeg', 'Secretary of the Interior', 'Human', 'ALIVE', '', '20', '20'),
('494', '2020-05-02 10:05:08.737000', 'MALE', 'https://rickandmortyapi.com/api/character/avatar/494.jpeg', 'Crystal Poacher', 'Alien', 'DEAD', '', '79', null),
('495', '2020-05-02 10:10:44.766000', 'MALE', 'https://rickandmortyapi.com/api/character/avatar/495.jpeg', 'Crystal Poacher', 'Alien', 'DEAD', '', '79', null),
('496', '2020-05-02 10:27:21.015000', 'MALE', 'https://rickandmortyapi.com/api/character/avatar/496.jpeg', 'Crystal Poacher', 'Alien', 'DEAD', '', '79', null),
('497', '2020-05-02 10:30:38.622000', 'MALE', 'https://rickandmortyapi.com/api/character/avatar/497.jpeg', 'Hologram Rick', 'Humanoid', 'DEAD', 'Hologram', '20', '20'),
('498', '2020-05-02 10:34:12.495000', 'MALE', 'https://rickandmortyapi.com/api/character/avatar/498.jpeg', 'Fascist Rick', 'Human', 'DEAD', '', '77', '77'),
('499', '2020-05-02 11:24:36.156000', 'MALE', 'https://rickandmortyapi.com/api/character/avatar/499.jpeg', 'Fascist Morty', 'Human', 'DEAD', '', '77', '77'),
('500', '2020-05-02 11:25:26.903000', 'MALE', 'https://rickandmortyapi.com/api/character/avatar/500.jpeg', 'Fascist Mr. President', 'Human', 'ALIVE', '', '77', '77'),
('501', '2020-05-02 11:28:36.137000', 'MALE', 'https://rickandmortyapi.com/api/character/avatar/501.jpeg', 'Fascist Ricks Clone', 'Human', 'DEAD', 'Clone', '77', '77'),
('502', '2020-05-02 11:35:26.572000', 'MALE', 'https://rickandmortyapi.com/api/character/avatar/502.jpeg', 'Revolio Clockberg Jr.', 'Alien', 'DEAD', 'Gear-Person', '77', '77'),
('503', '2020-05-02 11:53:46.229000', 'MALE', 'https://rickandmortyapi.com/api/character/avatar/503.jpeg', 'Fascist Shrimp Rick', 'Animal', 'ALIVE', 'Shrimp', '80', '80'),
('504', '2020-05-02 12:05:12.832000', 'MALE', 'https://rickandmortyapi.com/api/character/avatar/504.jpeg', 'Fascist Shrimp Ricks Clone', 'Animal', 'DEAD', 'Shrimp', '80', '80'),
('505', '2020-05-02 12:11:23.379000', 'MALE', 'https://rickandmortyapi.com/api/character/avatar/505.jpeg', 'Fascist Shrimp Morty', 'Animal', 'ALIVE', 'Shrimp', '80', '80'),
('506', '2020-05-02 12:13:03.799000', 'MALE', 'https://rickandmortyapi.com/api/character/avatar/506.jpeg', 'Fascist Shrimp SS', 'Animal', 'ALIVE', 'Shrimp', '80', '80'),
('507', '2020-05-02 12:18:23.346000', 'MALE', 'https://rickandmortyapi.com/api/character/avatar/507.jpeg', 'Fascist Teddy Bear Rick', 'Animal', 'ALIVE', 'Teddy Bear', '81', '81'),
('508', '2020-05-02 12:20:28.005000', 'MALE', 'https://rickandmortyapi.com/api/character/avatar/508.jpeg', 'Fascist Teddy Bear Ricks Clone', 'Animal', 'DEAD', 'Teddy Bear', '81', '81'),
('509', '2020-05-02 12:22:11.339000', 'MALE', 'https://rickandmortyapi.com/api/character/avatar/509.jpeg', 'Bully', 'Human', 'UNKNOWN', '', '20', '20'),
('510', '2020-05-02 12:23:38.655000', 'MALE', 'https://rickandmortyapi.com/api/character/avatar/510.jpeg', 'Anchorman', 'Human', 'ALIVE', '', '20', '20'),
('511', '2020-05-02 12:24:07.452000', 'FEMALE', 'https://rickandmortyapi.com/api/character/avatar/511.jpeg', 'Anchorwoman', 'Human', 'ALIVE', '', '20', '20'),
('512', '2020-05-02 12:25:59.290000', 'MALE', 'https://rickandmortyapi.com/api/character/avatar/512.jpeg', 'Mortys Lawyer', 'Human', 'ALIVE', '', '20', '20'),
('513', '2020-05-02 12:27:08.223000', 'FEMALE', 'https://rickandmortyapi.com/api/character/avatar/513.jpeg', 'Judge', 'Human', 'DEAD', '', '20', '20'),
('514', '2020-05-02 12:28:05.671000', 'FEMALE', 'https://rickandmortyapi.com/api/character/avatar/514.jpeg', 'Public Opinion Judge', 'Human', 'ALIVE', '', '20', '20'),
('515', '2020-05-02 12:34:49.151000', 'MALE', 'https://rickandmortyapi.com/api/character/avatar/515.jpeg', 'Caterpillar Mr. Goldenfold', 'Animal', 'DEAD', 'Caterpillar', '82', '82'),
('516', '2020-05-02 12:36:47.872000', 'MALE', 'https://rickandmortyapi.com/api/character/avatar/516.jpeg', 'Wasp Rick', 'Animal', 'ALIVE', 'Wasp', '20', '82'),
('517', '2020-05-02 12:38:18.097000', 'MALE', 'https://rickandmortyapi.com/api/character/avatar/517.jpeg', 'Wasp Ricks Clone', 'Animal', 'UNKNOWN', 'Wasp', '20', '82'),
('518', '2020-05-02 12:39:50.688000', 'MALE', 'https://rickandmortyapi.com/api/character/avatar/518.jpeg', 'Wasp Morty', 'Animal', 'ALIVE', 'Wasp', '82', '82'),
('519', '2020-05-02 12:40:45.760000', 'FEMALE', 'https://rickandmortyapi.com/api/character/avatar/519.jpeg', 'Wasp Summer', 'Animal', 'ALIVE', 'Wasp', '82', '82'),
('520', '2020-05-02 12:41:19.879000', 'MALE', 'https://rickandmortyapi.com/api/character/avatar/520.jpeg', 'Wasp Jerry', 'Animal', 'ALIVE', 'Wasp', '82', '82'),
('521', '2020-05-02 12:41:48.912000', 'FEMALE', 'https://rickandmortyapi.com/api/character/avatar/521.jpeg', 'Wasp Beth', 'Animal', 'ALIVE', 'Wasp', '82', '82'),
('522', '2020-05-02 12:43:21.266000', 'UNKNOWN', 'https://rickandmortyapi.com/api/character/avatar/522.jpeg', 'Caterpillar Mr. Goldenfolds Larvae', 'Animal', 'DEAD', 'Caterpillar', '82', '82'),
('523', '2020-05-02 12:50:15.005000', 'UNKNOWN', 'https://rickandmortyapi.com/api/character/avatar/523.jpeg', 'Boglin', 'unknown', 'UNKNOWN', 'Toy', '20', '20'),
('524', '2020-05-02 12:52:58.134000', 'MALE', 'https://rickandmortyapi.com/api/character/avatar/524.jpeg', 'Kirkland Brand Mr. Meeseeks', 'Humanoid', 'UNKNOWN', 'Meeseeks', '20', '53'),
('525', '2020-05-02 13:13:31.593000', 'MALE', 'https://rickandmortyapi.com/api/character/avatar/525.jpeg', 'Glootie', 'Alien', 'ALIVE', 'Monogatron', '83', null),
('526', '2020-05-02 13:14:28.386000', 'MALE', 'https://rickandmortyapi.com/api/character/avatar/526.jpeg', 'Danny Publitz', 'Human', 'ALIVE', '', '20', '20'),
('527', '2020-05-02 13:26:53.358000', 'MALE', 'https://rickandmortyapi.com/api/character/avatar/527.jpeg', 'Mothership Intern', 'Alien', 'ALIVE', 'Monogatron', '83', null),
('528', '2020-05-02 13:27:50.476000', 'MALE', 'https://rickandmortyapi.com/api/character/avatar/528.jpeg', 'Monogatron Leader', 'Alien', 'ALIVE', 'Monogatron', '83', null),
('529', '2020-05-02 13:31:49.867000', 'MALE', 'https://rickandmortyapi.com/api/character/avatar/529.jpeg', 'Lizard', 'Alien', 'DEAD', 'Lizard', '85', '85'),
('530', '2020-05-02 13:32:41.259000', 'GENDERLESS', 'https://rickandmortyapi.com/api/character/avatar/530.jpeg', 'Deliverance', 'Robot', 'DEAD', '', '85', '85'),
('531', '2020-05-02 13:35:07.498000', 'MALE', 'https://rickandmortyapi.com/api/character/avatar/531.jpeg', 'Tony', 'Alien', 'DEAD', '', '86', null),
('532', '2020-05-02 13:45:32.092000', 'FEMALE', 'https://rickandmortyapi.com/api/character/avatar/532.jpeg', 'Tonys Wife', 'Alien', 'DEAD', '', '87', '87'),
('533', '2020-05-02 13:46:10.906000', 'FEMALE', 'https://rickandmortyapi.com/api/character/avatar/533.jpeg', 'Monogatron Queen', 'Alien', 'ALIVE', 'Monogatron', '83', null),
('534', '2020-05-02 13:52:06.880000', 'MALE', 'https://rickandmortyapi.com/api/character/avatar/534.jpeg', 'Tony\'s Dad', 'Alien', 'ALIVE', '', '20', null),
('535', '2020-05-02 13:54:21.374000', 'MALE', 'https://rickandmortyapi.com/api/character/avatar/535.jpeg', 'Jeff', 'Human', 'ALIVE', '', '20', '20'),
('536', '2020-05-02 13:54:48.651000', 'MALE', 'https://rickandmortyapi.com/api/character/avatar/536.jpeg', 'Josiah', 'Human', 'ALIVE', '', '20', '20'),
('537', '2020-05-02 13:55:15.098000', 'FEMALE', 'https://rickandmortyapi.com/api/character/avatar/537.jpeg', 'Maggie', 'Human', 'ALIVE', '', '20', '20'),
('538', '2020-05-02 13:55:45.767000', 'MALE', 'https://rickandmortyapi.com/api/character/avatar/538.jpeg', 'Priest Witherspoon', 'Human', 'ALIVE', '', '20', '20'),
('539', '2020-05-02 13:56:14.834000', 'MALE', 'https://rickandmortyapi.com/api/character/avatar/539.jpeg', 'Richard', 'Human', 'ALIVE', '', '20', '20'),
('540', '2020-05-02 13:56:45.926000', 'MALE', 'https://rickandmortyapi.com/api/character/avatar/540.jpeg', 'Running Bird', 'Human', 'ALIVE', '', '20', '20'),
('541', '2020-05-02 13:57:49.250000', 'FEMALE', 'https://rickandmortyapi.com/api/character/avatar/541.jpeg', 'Secretary at Tony\'s', 'Alien', 'ALIVE', '', '20', null),
('542', '2020-05-02 13:58:42.083000', 'MALE', 'https://rickandmortyapi.com/api/character/avatar/542.jpeg', 'Mountain Sweat Jerry', 'Human', 'ALIVE', '', '87', '87'),
('543', '2020-05-07 09:05:37.614000', 'MALE', 'https://rickandmortyapi.com/api/character/avatar/543.jpeg', 'Vermigurber', 'Alien', 'ALIVE', 'Fly', '84', null),
('544', '2020-05-07 09:09:06.114000', 'MALE', 'https://rickandmortyapi.com/api/character/avatar/544.jpeg', 'Miles Knightly', 'Alien', 'DEAD', '', '88', null),
('545', '2020-05-07 09:12:12.200000', 'FEMALE', 'https://rickandmortyapi.com/api/character/avatar/545.jpeg', 'Heist-Con Receptionist', 'Alien', 'ALIVE', '', '88', null),
('546', '2020-05-07 09:14:00.009000', 'FEMALE', 'https://rickandmortyapi.com/api/character/avatar/546.jpeg', 'Angie Flint', 'Human', 'ALIVE', 'Cyborg', '88', null),
('547', '2020-05-07 09:14:34.918000', 'MALE', 'https://rickandmortyapi.com/api/character/avatar/547.jpeg', 'Glar', 'Alien', 'ALIVE', '', '88', null),
('548', '2020-05-07 09:19:47.204000', 'MALE', 'https://rickandmortyapi.com/api/character/avatar/548.jpeg', 'Truckula', 'Mythological Creature', 'ALIVE', 'Vampire', '88', null),
('549', '2020-05-07 09:51:03.022000', 'MALE', 'https://rickandmortyapi.com/api/character/avatar/549.jpeg', 'Snake Arms', 'Alien', 'ALIVE', '', '88', null),
('550', '2020-05-07 10:07:53.077000', 'MALE', 'https://rickandmortyapi.com/api/character/avatar/550.jpeg', 'Double Microwawe', 'Humanoid', 'ALIVE', 'Cyborg', '88', null),
('551', '2020-05-07 10:08:49.225000', 'MALE', 'https://rickandmortyapi.com/api/character/avatar/551.jpeg', 'Monitor Lord', 'Alien', 'ALIVE', '', '88', null),
('552', '2020-05-07 10:09:21.779000', 'FEMALE', 'https://rickandmortyapi.com/api/character/avatar/552.jpeg', 'Key Catcher', 'Alien', 'ALIVE', '', '88', null),
('553', '2020-05-07 10:10:37.809000', 'FEMALE', 'https://rickandmortyapi.com/api/character/avatar/553.jpeg', 'The Shapeshiftress', 'Alien', 'ALIVE', 'Shapeshifter', '88', null),
('554', '2020-05-07 10:12:10.339000', 'GENDERLESS', 'https://rickandmortyapi.com/api/character/avatar/554.jpeg', 'Heistotron', 'Robot', 'DEAD', '', '89', '20'),
('555', '2020-05-07 10:12:53.234000', 'GENDERLESS', 'https://rickandmortyapi.com/api/character/avatar/555.jpeg', 'Randotron', 'Robot', 'DEAD', '', '89', '20'),
('556', '2020-05-07 10:19:57.456000', 'MALE', 'https://rickandmortyapi.com/api/character/avatar/556.jpeg', 'Hephaestus', 'Mythological Creature', 'ALIVE', 'God', '89', '90'),
('557', '2020-05-07 10:23:26.274000', 'FEMALE', 'https://rickandmortyapi.com/api/character/avatar/557.jpeg', 'Ventriloquiver', 'Humanoid', 'ALIVE', 'Dummy', '89', '91'),
('558', '2020-05-07 10:26:02.535000', 'MALE', 'https://rickandmortyapi.com/api/character/avatar/558.jpeg', 'Elon Tusk', 'Human', 'ALIVE', 'Human with tusks', '89', '92'),
('559', '2020-05-07 10:27:19.527000', 'MALE', 'https://rickandmortyapi.com/api/character/avatar/559.jpeg', 'Gramuflackian Anchorman', 'Alien', 'DEAD', 'Gramuflackian', '93', '93'),
('560', '2020-05-07 10:28:11.833000', 'MALE', 'https://rickandmortyapi.com/api/character/avatar/560.jpeg', 'Gramuflackian General', 'Alien', 'DEAD', 'Gramuflackian', '93', '93'),
('561', '2020-05-07 11:19:57.540000', 'MALE', 'https://rickandmortyapi.com/api/character/avatar/561.jpeg', 'Netflix Executive', 'Human', 'ALIVE', '', '20', '20'),
('562', '2020-05-07 11:32:16.357000', 'MALE', 'https://rickandmortyapi.com/api/character/avatar/562.jpeg', 'Balthromaw', 'Mythological Creature', 'ALIVE', 'Dragon', '20', '94'),
('563', '2020-05-07 11:32:52.469000', 'MALE', 'https://rickandmortyapi.com/api/character/avatar/563.jpeg', 'The Wizard', 'Human', 'DEAD', '', '94', '94'),
('564', '2020-05-07 11:33:37.456000', 'MALE', 'https://rickandmortyapi.com/api/character/avatar/564.jpeg', 'Talking Cat', 'Animal', 'ALIVE', '', '20', null),
('565', '2020-05-07 11:34:43.083000', 'MALE', 'https://rickandmortyapi.com/api/character/avatar/565.jpeg', 'Debrah', 'Mythological Creature', 'ALIVE', 'Dragon', '94', '94'),
('566', '2020-05-07 11:35:29.625000', 'MALE', 'https://rickandmortyapi.com/api/character/avatar/566.jpeg', 'Debrahs Partner', 'Mythological Creature', 'ALIVE', 'Dragon', '94', '94'),
('567', '2020-05-07 11:36:12.044000', 'MALE', 'https://rickandmortyapi.com/api/character/avatar/567.jpeg', 'Michael', 'Mythological Creature', 'ALIVE', 'Dragon', '94', '94'),
('568', '2020-05-07 11:37:05.857000', 'MALE', 'https://rickandmortyapi.com/api/character/avatar/568.jpeg', 'Slut Dragon', 'Mythological Creature', 'ALIVE', 'Dragon', '94', '94'),
('569', '2020-05-07 11:37:49.533000', 'MALE', 'https://rickandmortyapi.com/api/character/avatar/569.jpeg', 'Shadow Jacker', 'Mythological Creature', 'ALIVE', 'Dragon', '94', '94'),
('570', '2020-05-07 12:01:38.426000', 'MALE', 'https://rickandmortyapi.com/api/character/avatar/570.jpeg', 'Chachi', 'Alien', 'DEAD', '', '20', null),
('571', '2020-05-07 12:10:34.574000', 'FEMALE', 'https://rickandmortyapi.com/api/character/avatar/571.jpeg', 'Slippy', 'Animal', 'ALIVE', 'Snake', '78', '20'),
('572', '2020-05-07 12:11:58.105000', 'GENDERLESS', 'https://rickandmortyapi.com/api/character/avatar/572.jpeg', 'Robot Snake', 'Robot', 'UNKNOWN', 'Snake', '78', '78'),
('573', '2020-05-07 12:12:53.568000', 'MALE', 'https://rickandmortyapi.com/api/character/avatar/573.jpeg', 'Snake Hitler', 'Animal', 'DEAD', 'Snake', '78', '78'),
('574', '2020-05-07 12:13:44.361000', 'MALE', 'https://rickandmortyapi.com/api/character/avatar/574.jpeg', 'Snake Lincoln', 'Animal', 'DEAD', 'Snake', '78', '78'),
('575', '2020-05-07 12:15:50.438000', 'GENDERLESS', 'https://rickandmortyapi.com/api/character/avatar/575.jpeg', 'Snake Resistance Robot', 'Robot', 'DEAD', 'Human-Snake hybrid', '20', '78'),
('576', '2020-05-07 12:16:53.781000', 'MALE', 'https://rickandmortyapi.com/api/character/avatar/576.jpeg', 'Snake Linguist', 'Animal', 'UNKNOWN', 'Snake', '78', '78'),
('577', '2020-05-07 12:19:06.599000', 'MALE', 'https://rickandmortyapi.com/api/character/avatar/577.jpeg', 'Snake Terminator', 'Robot', 'UNKNOWN', 'Snake', '78', '78'),
('578', '2020-05-07 12:19:11.205000', 'MALE', 'https://rickandmortyapi.com/api/character/avatar/578.jpeg', 'Snake Soldier', 'Animal', 'ALIVE', 'Snake', '78', '78'),
('579', '2020-05-07 12:22:08.800000', 'MALE', 'https://rickandmortyapi.com/api/character/avatar/579.jpeg', 'Snake with Legs', 'Animal', 'ALIVE', 'Snake', '78', '78'),
('580', '2020-05-07 12:23:20.171000', 'MALE', 'https://rickandmortyapi.com/api/character/avatar/580.jpeg', 'Secret Service Snake', 'Animal', 'ALIVE', 'Snake', '78', '78'),
('581', '2020-05-07 12:24:45.750000', 'MALE', 'https://rickandmortyapi.com/api/character/avatar/581.jpeg', 'Anchosnake', 'Animal', 'ALIVE', 'Snake', '78', '78'),
('582', '2020-05-07 12:25:29.472000', 'FEMALE', 'https://rickandmortyapi.com/api/character/avatar/582.jpeg', 'Anchosnake', 'Animal', 'ALIVE', 'Snake', '78', '78'),
('583', '2020-05-07 12:29:30.948000', 'MALE', 'https://rickandmortyapi.com/api/character/avatar/583.jpeg', '80\'s snake', 'Animal', 'UNKNOWN', 'Snake', '78', '78'),
('584', '2020-05-07 12:37:52.695000', 'MALE', 'https://rickandmortyapi.com/api/character/avatar/584.jpeg', 'Bar Customer', 'Human', 'ALIVE', '', '20', '20'),
('585', '2020-05-07 12:38:23.983000', 'FEMALE', 'https://rickandmortyapi.com/api/character/avatar/585.jpeg', 'Bartender', 'Human', 'ALIVE', '', '20', '20'),
('586', '2020-05-07 12:42:24.982000', 'MALE', 'https://rickandmortyapi.com/api/character/avatar/586.jpeg', 'PC Basketball Player', 'Human', 'ALIVE', '', '20', '20'),
('587', '2020-05-07 12:45:42.686000', 'MALE', 'https://rickandmortyapi.com/api/character/avatar/587.jpeg', 'Cavesnake', 'Animal', 'DEAD', 'Snake', '78', '78'),
('588', '2020-05-07 12:46:51.424000', 'MALE', 'https://rickandmortyapi.com/api/character/avatar/588.jpeg', 'Pet Shop Employee', 'Human', 'ALIVE', '', '20', '20'),
('589', '2020-05-07 12:50:06.523000', 'MALE', 'https://rickandmortyapi.com/api/character/avatar/589.jpeg', 'Snake Reporter', 'Animal', 'ALIVE', 'Snake', '78', '78'),
('590', '2020-05-07 12:55:35.833000', 'MALE', 'https://rickandmortyapi.com/api/character/avatar/590.jpeg', 'High Pilot', 'Human', 'UNKNOWN', '', '20', '20'),
('591', '2020-05-07 12:56:10.200000', 'MALE', 'https://rickandmortyapi.com/api/character/avatar/591.jpeg', 'High Pilot', 'Human', 'UNKNOWN', '', '20', '20'),
('592', '2020-08-05 12:43:16.671000', 'MALE', 'https://rickandmortyapi.com/api/character/avatar/592.jpeg', 'Phoenixperson', 'Alien', 'DEAD', 'Cyborg', '20', '15'),
('593', '2020-08-06 09:51:15.102000', 'MALE', 'https://rickandmortyapi.com/api/character/avatar/593.jpeg', 'Tickets Please Guy', 'Human', 'DEAD', 'Soulless Puppet', '97', '96'),
('594', '2020-08-06 09:54:08.973000', 'MALE', 'https://rickandmortyapi.com/api/character/avatar/594.jpeg', 'Floaty Bloody Man', 'Human', 'DEAD', 'Half Soulless Puppet', '98', '98'),
('595', '2020-08-06 11:30:50.675000', 'MALE', 'https://rickandmortyapi.com/api/character/avatar/595.jpeg', 'Floaty Non-Gasm Brotherhood Member', 'Alien', 'DEAD', 'Soulless Puppet', '98', '98'),
('596', '2020-08-06 11:31:40.334000', 'FEMALE', 'https://rickandmortyapi.com/api/character/avatar/596.jpeg', 'Floaty Non-Gasm Brotherhood Member Friend', 'Alien', 'DEAD', 'Soulless Puppet', '98', '98'),
('597', '2020-08-06 11:33:03.426000', 'MALE', 'https://rickandmortyapi.com/api/character/avatar/597.jpeg', 'Abradolf Lincler', 'Human', 'ALIVE', 'Soulless Puppet', '96', '96'),
('598', '2020-08-06 11:37:30.354000', 'MALE', 'https://rickandmortyapi.com/api/character/avatar/598.jpeg', 'Biblesaurus', 'Animal', 'ALIVE', 'Soulless Puppet', '96', '96'),
('599', '2020-08-06 11:39:56.623000', 'MALE', 'https://rickandmortyapi.com/api/character/avatar/599.jpeg', 'Birdperson', 'Alien', 'ALIVE', 'Soulless Puppet', '96', '96'),
('600', '2020-08-06 11:40:42.974000', 'FEMALE', 'https://rickandmortyapi.com/api/character/avatar/600.jpeg', 'Cats Fan', 'Alien', 'ALIVE', 'Soulless Puppet', '96', '96'),
('601', '2020-08-06 11:41:34.260000', 'MALE', 'https://rickandmortyapi.com/api/character/avatar/601.jpeg', 'Christmas Storyteller', 'Alien', 'ALIVE', 'Soulless Puppet', '96', '96'),
('602', '2020-08-06 11:43:40.230000', 'MALE', 'https://rickandmortyapi.com/api/character/avatar/602.jpeg', 'Cookies Guy', 'Human', 'ALIVE', 'Soulless Puppet', '99', '99'),
('603', '2020-08-06 11:46:17.792000', 'GENDERLESS', 'https://rickandmortyapi.com/api/character/avatar/603.jpeg', 'Crossy', 'unknown', 'ALIVE', 'Soulless Puppet', '100', '100'),
('604', '2020-08-06 11:48:01.937000', 'FEMALE', 'https://rickandmortyapi.com/api/character/avatar/604.jpeg', 'Female Scorpion', 'Animal', 'DEAD', 'Soulless Puppet', '99', '99'),
('605', '2020-08-06 11:48:09.608000', 'FEMALE', 'https://rickandmortyapi.com/api/character/avatar/605.jpeg', 'Floaty Bloody Mans Daughter', 'Human', 'DEAD', 'Soulless Puppet', '98', '98'),
('606', '2020-08-06 12:34:29.455000', 'MALE', 'https://rickandmortyapi.com/api/character/avatar/606.jpeg', 'Goomby', 'Alien', 'ALIVE', 'Soulless Puppet', '96', '96'),
('607', '2020-08-06 12:35:20.673000', 'FEMALE', 'https://rickandmortyapi.com/api/character/avatar/607.jpeg', 'Hairspray Fan', 'Alien', 'ALIVE', 'Soulless Puppet', '96', '96'),
('608', '2020-08-06 12:36:05.897000', 'MALE', 'https://rickandmortyapi.com/api/character/avatar/608.jpeg', 'Jesus Christ', 'Human', 'ALIVE', 'Soulless Puppet', '100', '100'),
('609', '2020-08-06 12:43:52.810000', 'MALE', 'https://rickandmortyapi.com/api/character/avatar/609.jpeg', 'Josh', 'Human', 'DEAD', 'Soulless Puppet', '98', '98'),
('610', '2020-08-06 12:44:35.845000', 'FEMALE', 'https://rickandmortyapi.com/api/character/avatar/610.jpeg', 'Josh\'s Sister', 'Human', 'DEAD', 'Soulless Puppet', '98', '98'),
('611', '2020-08-06 12:47:45.761000', 'FEMALE', 'https://rickandmortyapi.com/api/character/avatar/611.jpeg', 'Leah', 'unknown', 'ALIVE', 'Soulless Puppet', '96', '96'),
('612', '2020-08-06 12:48:25.333000', 'MALE', 'https://rickandmortyapi.com/api/character/avatar/612.jpeg', 'Marcus', 'Human', 'ALIVE', 'Soulless Puppet', '96', '96'),
('613', '2020-08-06 12:49:32.604000', 'MALE', 'https://rickandmortyapi.com/api/character/avatar/613.jpeg', 'Mike Johnson', 'Human', 'ALIVE', 'Soulless Puppet', '99', '99'),
('614', '2020-08-06 12:51:12.254000', 'GENDERLESS', 'https://rickandmortyapi.com/api/character/avatar/614.jpeg', 'Mr. Celery & Friends', 'unknown', 'ALIVE', 'Soulless Puppet', '100', '100'),
('615', '2020-08-06 12:52:20.880000', 'MALE', 'https://rickandmortyapi.com/api/character/avatar/615.jpeg', 'Musical Fan', 'Alien', 'ALIVE', 'Soulless Puppet', '96', '96'),
('616', '2020-08-06 12:52:54.712000', 'MALE', 'https://rickandmortyapi.com/api/character/avatar/616.jpeg', 'Phantom of the Opera Fan', 'Alien', 'ALIVE', 'Soulless Puppet', '96', '96'),
('617', '2020-08-06 12:54:15.895000', 'MALE', 'https://rickandmortyapi.com/api/character/avatar/617.jpeg', 'Phoenixperson', 'Alien', 'ALIVE', 'Soulless Puppet', '96', '96'),
('618', '2020-08-06 12:55:53.895000', 'MALE', 'https://rickandmortyapi.com/api/character/avatar/618.jpeg', 'Private Smith', 'Human', 'UNKNOWN', 'Soulless Puppet', '96', '96'),
('619', '2020-08-06 12:56:56.606000', 'MALE', 'https://rickandmortyapi.com/api/character/avatar/619.jpeg', 'Professor Sanchez', 'Human', 'DEAD', 'Soulless Puppet', '96', '96'),
('620', '2020-08-06 15:58:14.525000', 'MALE', 'https://rickandmortyapi.com/api/character/avatar/620.jpeg', 'Ramamama Lord', 'Human', 'ALIVE', 'Soulless Puppet', '96', '96'),
('621', '2020-08-06 15:59:05.320000', 'FEMALE', 'https://rickandmortyapi.com/api/character/avatar/621.jpeg', 'Ruth Bader Ginsburg', 'Human', 'ALIVE', 'Soulless Puppet', '99', '99'),
('622', '2020-08-06 15:59:44.277000', 'MALE', 'https://rickandmortyapi.com/api/character/avatar/622.jpeg', 'Sarge', 'Human', 'ALIVE', 'Soulless Puppet', '96', '96'),
('623', '2020-08-06 16:01:42.796000', 'MALE', 'https://rickandmortyapi.com/api/character/avatar/623.jpeg', 'Shrek The Musical Fan', 'Alien', 'ALIVE', 'Soulless Puppet', '96', '96'),
('624', '2020-08-06 16:03:17.291000', 'MALE', 'https://rickandmortyapi.com/api/character/avatar/624.jpeg', 'Snuffles', 'Animal', 'ALIVE', 'Soulless Puppet', '96', '96'),
('625', '2020-08-06 16:24:53.547000', 'MALE', 'https://rickandmortyapi.com/api/character/avatar/625.jpeg', 'Storylord', 'Human', 'ALIVE', 'Soulless Puppet', '100', '96'),
('626', '2020-08-06 16:34:20.500000', 'FEMALE', 'https://rickandmortyapi.com/api/character/avatar/626.jpeg', 'Tammy Guetermann', 'Human', 'ALIVE', 'Soulless Puppet', '96', '96'),
('627', '2020-08-06 16:35:31.655000', 'GENDERLESS', 'https://rickandmortyapi.com/api/character/avatar/627.jpeg', 'The Concept of Time', 'unknown', 'ALIVE', 'Soulless Puppet', '96', '96'),
('628', '2020-08-06 16:36:20.255000', 'FEMALE', 'https://rickandmortyapi.com/api/character/avatar/628.jpeg', 'Beth Smith', 'Human', 'ALIVE', 'Soulless Puppet', '99', '99'),
('629', '2020-08-06 16:37:48.051000', 'FEMALE', 'https://rickandmortyapi.com/api/character/avatar/629.jpeg', 'Summer Smith', 'Human', 'ALIVE', 'Soulless Puppet', '99', '99'),
('630', '2020-08-06 16:38:30.136000', 'MALE', 'https://rickandmortyapi.com/api/character/avatar/630.jpeg', 'Morty Smith', 'Human', 'ALIVE', 'Soulless Puppet', '96', '96'),
('631', '2020-08-06 16:39:08.485000', 'MALE', 'https://rickandmortyapi.com/api/character/avatar/631.jpeg', 'Rick Sanchez', 'Human', 'ALIVE', 'Soulless Puppet', '96', '96'),
('632', '2020-08-06 16:39:50.056000', 'MALE', 'https://rickandmortyapi.com/api/character/avatar/632.jpeg', 'Train Cop', 'Human', 'DEAD', 'Soulless Puppet', '96', '96'),
('633', '2020-08-06 16:40:54.181000', 'FEMALE', 'https://rickandmortyapi.com/api/character/avatar/633.jpeg', 'Train Cops', 'Human', 'ALIVE', 'Soulless Puppet', '96', '96'),
('634', '2020-08-06 16:42:42.455000', 'MALE', 'https://rickandmortyapi.com/api/character/avatar/634.jpeg', 'Train Cops Instructor', 'Human', 'DEAD', 'Soulless Puppet', '96', '96'),
('635', '2020-08-06 16:43:46.757000', 'MALE', 'https://rickandmortyapi.com/api/character/avatar/635.jpeg', 'Darth Poopybutthole', 'Poopybutthole', 'ALIVE', 'Soulless Puppet', '100', '100'),
('636', '2020-08-06 16:45:03.209000', 'MALE', 'https://rickandmortyapi.com/api/character/avatar/636.jpeg', 'Evil Morty', 'Human', 'ALIVE', 'Soulless Puppet', '100', '100'),
('637', '2020-08-06 16:49:30.253000', 'FEMALE', 'https://rickandmortyapi.com/api/character/avatar/637.jpeg', 'Mortys Disguise', 'Human', 'ALIVE', 'Soulless Puppet', '96', '96'),
('638', '2020-08-06 16:50:10.447000', 'MALE', 'https://rickandmortyapi.com/api/character/avatar/638.jpeg', 'Ricks Disguise', 'Human', 'ALIVE', 'Soulless Puppet', '96', '96'),
('639', '2020-08-06 16:51:23.084000', 'MALE', 'https://rickandmortyapi.com/api/character/avatar/639.jpeg', 'Uncle Nibbles', 'Alien', 'DEAD', 'Soulless Puppet', '98', '98'),
('640', '2020-08-07 11:36:14.528000', 'MALE', 'https://rickandmortyapi.com/api/character/avatar/640.jpeg', 'Angry Glorzo', 'Alien', 'DEAD', 'Glorzo', '101', '101'),
('641', '2020-08-07 11:37:06.351000', 'MALE', 'https://rickandmortyapi.com/api/character/avatar/641.jpeg', 'Bruce', 'Alien', 'DEAD', 'Glorzo', '101', '101'),
('642', '2020-08-07 11:38:26.393000', 'MALE', 'https://rickandmortyapi.com/api/character/avatar/642.jpeg', 'Council of Glorzos Member', 'Alien', 'DEAD', 'Glorzo', '101', '101'),
('643', '2020-08-07 11:39:06.237000', 'MALE', 'https://rickandmortyapi.com/api/character/avatar/643.jpeg', 'Council of Glorzos Member', 'Alien', 'DEAD', 'Glorzo', '101', '101'),
('644', '2020-08-07 11:40:03.124000', 'MALE', 'https://rickandmortyapi.com/api/character/avatar/644.jpeg', 'Old Glorzo', 'Alien', 'DEAD', 'Glorzo', '101', '101'),
('645', '2020-08-07 11:40:51.282000', 'MALE', 'https://rickandmortyapi.com/api/character/avatar/645.jpeg', 'Shane', 'Alien', 'UNKNOWN', 'Glorzo', '101', '101'),
('646', '2020-08-07 11:41:34.032000', 'MALE', 'https://rickandmortyapi.com/api/character/avatar/646.jpeg', 'Steve', 'Alien', 'DEAD', 'Glorzo', '101', '101'),
('647', '2020-08-07 11:42:14.362000', 'MALE', 'https://rickandmortyapi.com/api/character/avatar/647.jpeg', 'Troy', 'Alien', 'DEAD', 'Glorzo', '101', '101'),
('648', '2020-08-13 10:09:21.278000', 'MALE', 'https://rickandmortyapi.com/api/character/avatar/648.jpeg', 'Crystal Dealers Boss', 'Alien', 'DEAD', '', '102', null),
('649', '2020-08-13 10:10:01.602000', 'MALE', 'https://rickandmortyapi.com/api/character/avatar/649.jpeg', 'Crystal Dealer', 'Alien', 'DEAD', '', '102', null),
('650', '2020-08-13 10:10:33.026000', 'MALE', 'https://rickandmortyapi.com/api/character/avatar/650.jpeg', 'Crystal Dealer', 'Alien', 'DEAD', '', '102', null),
('651', '2020-08-13 10:11:00.473000', 'MALE', 'https://rickandmortyapi.com/api/character/avatar/651.jpeg', 'Crystal Dealer', 'Alien', 'DEAD', '', '102', null),
('652', '2020-08-13 10:16:47.618000', 'MALE', 'https://rickandmortyapi.com/api/character/avatar/652.jpeg', 'SWAT Officer', 'Human', 'DEAD', '', '103', '103'),
('653', '2020-08-13 11:16:21.997000', 'FEMALE', 'https://rickandmortyapi.com/api/character/avatar/653.jpeg', 'Plane Crash Survivor', 'Human', 'UNKNOWN', '', '104', '104'),
('654', '2020-08-13 11:17:08.527000', 'MALE', 'https://rickandmortyapi.com/api/character/avatar/654.jpeg', 'Plane Crash Survivor', 'Human', 'UNKNOWN', '', '104', '104'),
('655', '2020-08-13 11:17:47.228000', 'MALE', 'https://rickandmortyapi.com/api/character/avatar/655.jpeg', 'Heroine Keith', 'Human', 'ALIVE', '', '103', '104'),
('656', '2020-08-13 11:20:20.047000', 'MALE', 'https://rickandmortyapi.com/api/character/avatar/656.jpeg', 'Impervious to Acid SWAT Officer', 'Human', 'DEAD', '', '103', '103'),
('657', '2020-08-13 11:21:32.236000', 'MALE', 'https://rickandmortyapi.com/api/character/avatar/657.jpeg', 'Johnny Carson', 'Human', 'ALIVE', '', '103', '103'),
('658', '2020-08-13 11:23:00.414000', 'FEMALE', 'https://rickandmortyapi.com/api/character/avatar/658.jpeg', 'Sonia Sotomayor', 'Human', 'ALIVE', '', '103', '103'),
('659', '2020-08-13 11:23:55.003000', 'MALE', 'https://rickandmortyapi.com/api/character/avatar/659.jpeg', 'Mortys Father-in-law', 'Human', 'ALIVE', '', '104', '104'),
('660', '2020-08-13 11:25:50.784000', 'FEMALE', 'https://rickandmortyapi.com/api/character/avatar/660.jpeg', 'Mortys Mother-in-law', 'Human', 'ALIVE', '', '104', '104'),
('661', '2020-08-13 11:27:29.357000', 'FEMALE', 'https://rickandmortyapi.com/api/character/avatar/661.jpeg', 'Mortys Girlfriend', 'Human', 'ALIVE', '', '103', '104'),
('662', '2020-08-13 11:43:23.485000', 'FEMALE', 'https://rickandmortyapi.com/api/character/avatar/662.jpeg', 'Gaia', 'unknown', 'ALIVE', 'Planet', '106', '106'),
('663', '2020-08-13 12:17:15.344000', 'MALE', 'https://rickandmortyapi.com/api/character/avatar/663.jpeg', 'Reggie', 'Mythological Creature', 'DEAD', 'Zeus', '106', '90'),
('664', '2020-08-13 12:36:16.345000', 'GENDERLESS', 'https://rickandmortyapi.com/api/character/avatar/664.jpeg', 'Ticktock', 'Humanoid', 'UNKNOWN', 'Clay-Person', '106', '106'),
('665', '2020-08-13 12:37:08.881000', 'GENDERLESS', 'https://rickandmortyapi.com/api/character/avatar/665.jpeg', 'Florflock', 'Humanoid', 'ALIVE', 'Clay-Person', '106', '106'),
('666', '2020-08-13 12:37:51.742000', 'GENDERLESS', 'https://rickandmortyapi.com/api/character/avatar/666.jpeg', 'Squeeb', 'Humanoid', 'ALIVE', 'Clay-Person', '106', '106'),
('667', '2020-08-13 12:48:55.885000', 'FEMALE', 'https://rickandmortyapi.com/api/character/avatar/667.jpeg', 'Defiance Beth', 'Human', 'ALIVE', 'Clone', '20', '20'),
('668', '2020-08-13 12:52:36.873000', 'FEMALE', 'https://rickandmortyapi.com/api/character/avatar/668.jpeg', 'Defiance Squanchette', 'Alien', 'ALIVE', 'Cat-Person', '107', '35'),
('669', '2020-08-13 12:55:37.437000', 'MALE', 'https://rickandmortyapi.com/api/character/avatar/669.jpeg', 'Defiance Doctor', 'Alien', 'ALIVE', '', '108', null),
('670', '2020-08-13 12:56:31.130000', 'MALE', 'https://rickandmortyapi.com/api/character/avatar/670.jpeg', 'New Improved Galactic Federation Guard', 'Alien', 'DEAD', 'Gromflomite', '105', '19'),
('671', '2020-08-13 12:57:08.113000', 'MALE', 'https://rickandmortyapi.com/api/character/avatar/671.jpeg', 'New Improved Galactic Federation Guard', 'Alien', 'DEAD', 'Gromflomite', '105', '19'),
('672', '2021-10-16 11:55:58.042000', 'MALE', 'https://rickandmortyapi.com/api/character/avatar/672.jpeg', 'Mr. Nimbus', 'Mythological Creature', 'ALIVE', 'Sexy Aquaman', '20', '109'),
('673', '2021-10-16 12:08:41.055000', 'MALE', 'https://rickandmortyapi.com/api/character/avatar/673.jpeg', 'Hoovy', 'Humanoid', 'DEAD', 'Narnian', '110', '110'),
('674', '2021-10-16 12:41:49.186000', 'FEMALE', 'https://rickandmortyapi.com/api/character/avatar/674.jpeg', 'Bova', 'Humanoid', 'DEAD', 'Narnian', '110', '110'),
('675', '2021-10-16 12:45:05.291000', 'MALE', 'https://rickandmortyapi.com/api/character/avatar/675.jpeg', 'Japheth', 'Humanoid', 'DEAD', 'Narnian', '110', '110'),
('676', '2021-10-16 12:51:53.546000', 'MALE', 'https://rickandmortyapi.com/api/character/avatar/676.jpeg', 'Japheth\'s Middle Son', 'Humanoid', 'DEAD', 'Narnian', '110', '110'),
('677', '2021-10-16 12:53:02.192000', 'MALE', 'https://rickandmortyapi.com/api/character/avatar/677.jpeg', 'Japheth\'s Eldest Son', 'Humanoid', 'DEAD', 'Narnian', '110', '110'),
('678', '2021-10-16 12:53:46.114000', 'MALE', 'https://rickandmortyapi.com/api/character/avatar/678.jpeg', 'Japheth\'s Youngest Son', 'Humanoid', 'DEAD', 'Narnian', '110', '110'),
('679', '2021-10-16 13:14:41.846000', 'MALE', 'https://rickandmortyapi.com/api/character/avatar/679.jpeg', 'Japheth\'s Grandson', 'Humanoid', 'DEAD', 'Narnian', '110', '110'),
('680', '2021-10-16 13:18:13.644000', 'MALE', 'https://rickandmortyapi.com/api/character/avatar/680.jpeg', 'Adam', 'Humanoid', 'DEAD', 'Narnian', '20', '110'),
('681', '2021-10-16 13:20:07.710000', 'FEMALE', 'https://rickandmortyapi.com/api/character/avatar/681.jpeg', 'Adam\'s Mother', 'Humanoid', 'DEAD', 'Narnian', '110', '110'),
('682', '2021-10-16 13:25:48.872000', 'MALE', 'https://rickandmortyapi.com/api/character/avatar/682.jpeg', 'Warlock', 'Humanoid', 'DEAD', 'Narnian', '110', '110'),
('683', '2021-10-16 13:41:40.408000', 'MALE', 'https://rickandmortyapi.com/api/character/avatar/683.jpeg', 'Evolved Narnian', 'Humanoid', 'ALIVE', 'Narnian', '110', '110'),
('684', '2021-10-16 13:45:26.155000', 'FEMALE', 'https://rickandmortyapi.com/api/character/avatar/684.jpeg', 'Mr. Nimbus Secretary', 'Animal', 'ALIVE', 'Starfish', '20', '109'),
('685', '2021-10-16 13:49:32.393000', 'MALE', 'https://rickandmortyapi.com/api/character/avatar/685.jpeg', 'Evolved Narnian Disguised as Morty', 'Humanoid', 'ALIVE', 'Narnian', '110', '110'),
('686', '2021-10-16 13:51:28.877000', 'MALE', 'https://rickandmortyapi.com/api/character/avatar/686.jpeg', 'Mr. Nimbus\' Squid', 'Animal', 'DEAD', 'Squid', '20', '109'),
('687', '2021-10-16 15:18:02.052000', 'MALE', 'https://rickandmortyapi.com/api/character/avatar/687.jpeg', 'Scarecrow Rick', 'Robot', 'DEAD', 'Decoy', '20', '20'),
('688', '2021-10-16 15:19:13.080000', 'FEMALE', 'https://rickandmortyapi.com/api/character/avatar/688.jpeg', 'Scarecrow Summer', 'Robot', 'DEAD', 'Decoy', '20', '20'),
('689', '2021-10-16 15:21:40.918000', 'MALE', 'https://rickandmortyapi.com/api/character/avatar/689.jpeg', 'Scarecrow Jerry', 'Robot', 'DEAD', 'Decoy', '20', '20'),
('690', '2021-10-16 15:22:35.204000', 'MALE', 'https://rickandmortyapi.com/api/character/avatar/690.jpeg', 'Scarecrow Morty', 'Robot', 'DEAD', 'Decoy', '20', '20'),
('691', '2021-10-16 15:23:21.971000', 'FEMALE', 'https://rickandmortyapi.com/api/character/avatar/691.jpeg', 'Scarecrow Beth', 'Robot', 'DEAD', 'Decoy', '20', '20'),
('692', '2021-10-16 15:32:27.166000', 'MALE', 'https://rickandmortyapi.com/api/character/avatar/692.jpeg', 'Glockenspiel Jerry', 'Robot', 'ALIVE', 'Decoy', '20', '20'),
('693', '2021-10-16 15:34:41.082000', 'FEMALE', 'https://rickandmortyapi.com/api/character/avatar/693.jpeg', 'Glockenspiel Beth', 'Robot', 'DEAD', 'Decoy', '20', '20'),
('694', '2021-10-16 15:36:04.423000', 'MALE', 'https://rickandmortyapi.com/api/character/avatar/694.jpeg', 'Glockenspiel Rick', 'Robot', 'DEAD', 'Decoy', '20', '20'),
('695', '2021-10-16 15:36:59.730000', 'FEMALE', 'https://rickandmortyapi.com/api/character/avatar/695.jpeg', 'Glockenspiel Summer', 'Robot', 'DEAD', 'Decoy', '20', '20'),
('696', '2021-10-16 15:37:40.381000', 'MALE', 'https://rickandmortyapi.com/api/character/avatar/696.jpeg', 'Glockenspiel Morty', 'Robot', 'DEAD', 'Decoy', '20', '20'),
('697', '2021-10-16 15:40:01.248000', 'FEMALE', 'https://rickandmortyapi.com/api/character/avatar/697.jpeg', 'Wicker Beth', 'Robot', 'DEAD', 'Decoy', '20', '20'),
('698', '2021-10-16 15:40:51.046000', 'MALE', 'https://rickandmortyapi.com/api/character/avatar/698.jpeg', 'Wicker Rick', 'Robot', 'DEAD', 'Decoy', '20', '20'),
('699', '2021-10-16 15:41:28.941000', 'MALE', 'https://rickandmortyapi.com/api/character/avatar/699.jpeg', 'Wicker Morty', 'Robot', 'DEAD', 'Decoy', '20', '20'),
('700', '2021-10-16 15:42:51.860000', 'FEMALE', 'https://rickandmortyapi.com/api/character/avatar/700.jpeg', 'Wicker Summer', 'Robot', 'DEAD', 'Decoy', '20', '20'),
('701', '2021-10-16 15:43:50.568000', 'MALE', 'https://rickandmortyapi.com/api/character/avatar/701.jpeg', 'Metal Rick', 'Robot', 'DEAD', 'Decoy', '20', '20'),
('702', '2021-10-16 15:46:56.288000', 'MALE', 'https://rickandmortyapi.com/api/character/avatar/702.jpeg', 'Gun Brain Rick', 'Robot', 'DEAD', 'Decoy', '20', '20'),
('703', '2021-10-16 15:51:02.924000', 'MALE', 'https://rickandmortyapi.com/api/character/avatar/703.jpeg', 'Mr. Always Wants to be Hunted', 'Poopybutthole', 'ALIVE', '', '20', null),
('704', '2021-10-16 15:55:49.506000', 'FEMALE', 'https://rickandmortyapi.com/api/character/avatar/704.jpeg', 'Squid Costume Beth', 'Robot', 'DEAD', 'Decoy', '20', '20'),
('705', '2021-10-16 16:00:00.400000', 'MALE', 'https://rickandmortyapi.com/api/character/avatar/705.jpeg', 'Squid Costume Jerry', 'Robot', 'DEAD', 'Decoy', '20', '20'),
('706', '2021-10-16 16:01:02.238000', 'MALE', 'https://rickandmortyapi.com/api/character/avatar/706.jpeg', 'Squid Costume Morty', 'Robot', 'DEAD', 'Decoy', '20', '20'),
('707', '2021-10-16 16:01:52.437000', 'MALE', 'https://rickandmortyapi.com/api/character/avatar/707.jpeg', 'Squid Costume Rick', 'Robot', 'DEAD', 'Decoy', '20', '20'),
('708', '2021-10-16 16:03:02.153000', 'FEMALE', 'https://rickandmortyapi.com/api/character/avatar/708.jpeg', 'Squid Costume Summer', 'Robot', 'DEAD', 'Decoy', '20', '20'),
('709', '2021-10-16 16:04:24.097000', 'MALE', 'https://rickandmortyapi.com/api/character/avatar/709.jpeg', 'Dracula', 'Mythological Creature', 'ALIVE', 'Vampire', '6', '6'),
('710', '2021-10-16 16:06:00.878000', 'MALE', 'https://rickandmortyapi.com/api/character/avatar/710.jpeg', 'Steve', 'Human', 'ALIVE', '', '20', '20'),
('711', '2021-10-16 16:11:18.457000', 'MALE', 'https://rickandmortyapi.com/api/character/avatar/711.jpeg', 'When Wolf', 'Mythological Creature', 'ALIVE', 'Whenwolf', '6', '6'),
('712', '2021-10-17 09:40:13.581000', 'FEMALE', 'https://rickandmortyapi.com/api/character/avatar/712.jpeg', 'Too Cute to Murder Beth', 'Robot', 'DEAD', 'Decoy', '20', '20'),
('713', '2021-10-17 09:40:51.620000', 'MALE', 'https://rickandmortyapi.com/api/character/avatar/713.jpeg', 'Too Cute to Murder Rick', 'Robot', 'DEAD', 'Decoy', '20', '20'),
('714', '2021-10-17 09:41:30.782000', 'MALE', 'https://rickandmortyapi.com/api/character/avatar/714.jpeg', 'Too Cute to Murder Jerry', 'Robot', 'DEAD', 'Decoy', '20', '20'),
('715', '2021-10-17 09:42:15.208000', 'MALE', 'https://rickandmortyapi.com/api/character/avatar/715.jpeg', 'Too Cute to Murder Morty', 'Robot', 'DEAD', 'Decoy', '20', '20'),
('716', '2021-10-17 09:42:51.073000', 'FEMALE', 'https://rickandmortyapi.com/api/character/avatar/716.jpeg', 'Too Cute to Murder Summer', 'Robot', 'DEAD', 'Decoy', '20', '20'),
('717', '2021-10-17 09:50:18.307000', 'FEMALE', 'https://rickandmortyapi.com/api/character/avatar/717.jpeg', 'Planetina', 'Humanoid', 'ALIVE', 'Summon', '20', '111'),
('718', '2021-10-17 09:53:07.883000', 'FEMALE', 'https://rickandmortyapi.com/api/character/avatar/718.jpeg', 'Daphne', 'Alien', 'ALIVE', 'Morglutzian', '113', '112'),
('719', '2021-10-17 09:55:17.683000', 'MALE', 'https://rickandmortyapi.com/api/character/avatar/719.jpeg', 'Diesel Weasel', 'Animal', 'ALIVE', 'Weasel', '20', '20'),
('720', '2021-10-17 09:57:07.971000', 'MALE', 'https://rickandmortyapi.com/api/character/avatar/720.jpeg', 'Eddie', 'Human', 'DEAD', '', '20', '20'),
('721', '2021-10-17 09:57:46.574000', 'FEMALE', 'https://rickandmortyapi.com/api/character/avatar/721.jpeg', 'Xing Ho', 'Human', 'DEAD', '', '20', '20'),
('722', '2021-10-17 09:58:49.388000', 'FEMALE', 'https://rickandmortyapi.com/api/character/avatar/722.jpeg', 'Air Tina-Teer', 'Human', 'DEAD', '', '20', '20'),
('723', '2021-10-17 09:59:26.786000', 'MALE', 'https://rickandmortyapi.com/api/character/avatar/723.jpeg', 'Water Tina-Teer', 'Human', 'DEAD', '', '20', '20'),
('724', '2021-10-17 10:00:06.914000', 'MALE', 'https://rickandmortyapi.com/api/character/avatar/724.jpeg', 'Planetina Buyer', 'Human', 'DEAD', '', '20', '20'),
('725', '2021-10-17 10:01:10.143000', 'MALE', 'https://rickandmortyapi.com/api/character/avatar/725.jpeg', 'Tony Galopagus', 'Human', 'ALIVE', '', '20', '20'),
('726', '2021-10-17 10:09:46.047000', 'MALE', 'https://rickandmortyapi.com/api/character/avatar/726.jpeg', 'Sticky', 'unknown', 'ALIVE', 'Super Sperm Monster', '20', '114'),
('727', '2021-10-17 10:10:44.560000', 'MALE', 'https://rickandmortyapi.com/api/character/avatar/727.jpeg', 'Professor Shabooboo', 'Human', 'DEAD', '', '20', '20'),
('728', '2021-10-17 10:12:05.246000', 'FEMALE', 'https://rickandmortyapi.com/api/character/avatar/728.jpeg', 'Sperm Queen', 'unknown', 'DEAD', 'Super Sperm Monster', '20', '114'),
('729', '2021-10-17 10:32:39.601000', 'MALE', 'https://rickandmortyapi.com/api/character/avatar/729.jpeg', 'CHUD King', 'Animal', 'ALIVE', 'CHUD', '20', '20'),
('730', '2021-10-17 10:35:15.825000', 'FEMALE', 'https://rickandmortyapi.com/api/character/avatar/730.jpeg', 'Princess Ponietta', 'Animal', 'ALIVE', 'CHUD', '20', '20'),
('731', '2021-10-17 11:56:17.275000', 'MALE', 'https://rickandmortyapi.com/api/character/avatar/731.jpeg', 'Naruto Smith', 'Humanoid', 'ALIVE', 'Giant Incest Baby', '115', '20'),
('732', '2021-10-17 11:59:00.689000', 'MALE', 'https://rickandmortyapi.com/api/character/avatar/732.jpeg', 'Blazen', 'Human', 'DEAD', '', '20', '20'),
('733', '2021-10-17 12:00:07.076000', 'FEMALE', 'https://rickandmortyapi.com/api/character/avatar/733.jpeg', 'Kathy Ireland', 'Human', 'ALIVE', '', '20', '20'),
('734', '2021-10-17 12:00:50.753000', 'MALE', 'https://rickandmortyapi.com/api/character/avatar/734.jpeg', 'Amazing Johnathan', 'Human', 'ALIVE', '', '20', '20'),
('735', '2021-10-17 12:08:38.935000', 'UNKNOWN', 'https://rickandmortyapi.com/api/character/avatar/735.jpeg', 'Foal Sanchez', 'Humanoid', 'ALIVE', 'CHUD Human Mix', '20', '20'),
('736', '2021-10-17 12:11:21.171000', 'MALE', 'https://rickandmortyapi.com/api/character/avatar/736.jpeg', 'Spaceman', 'Human', 'DEAD', '', '115', '20'),
('737', '2021-10-17 12:24:53.547000', 'FEMALE', 'https://rickandmortyapi.com/api/character/avatar/737.jpeg', 'Cirque du Soleil Zumanity Member', 'Human', 'ALIVE', '', '20', '104'),
('738', '2021-10-17 12:25:18.152000', 'MALE', 'https://rickandmortyapi.com/api/character/avatar/738.jpeg', 'Cirque du Soleil Zumanity Member', 'Human', 'ALIVE', '', '20', '20'),
('739', '2021-10-17 12:25:53.904000', 'FEMALE', 'https://rickandmortyapi.com/api/character/avatar/739.jpeg', 'Cirque du Soleil Zumanity Member', 'Human', 'ALIVE', '', '20', '20'),
('740', '2021-10-17 12:26:27.530000', 'FEMALE', 'https://rickandmortyapi.com/api/character/avatar/740.jpeg', 'Cirque du Soleil Zumanity Member', 'Human', 'DEAD', '', '20', '20'),
('741', '2021-10-17 12:27:42.669000', 'FEMALE', 'https://rickandmortyapi.com/api/character/avatar/741.jpeg', 'Cirque du Soleil Zumanity Member', 'Human', 'ALIVE', '', '20', '20'),
('742', '2021-10-17 13:35:30.793000', 'MALE', 'https://rickandmortyapi.com/api/character/avatar/742.jpeg', 'Bruce Chutback', 'Human', 'ALIVE', '', '20', '20'),
('743', '2021-10-17 13:46:17.880000', 'FEMALE', 'https://rickandmortyapi.com/api/character/avatar/743.jpeg', 'Alyson Hannigan', 'Alien', 'DEAD', '', '117', null),
('744', '2021-10-17 13:53:11.250000', 'MALE', 'https://rickandmortyapi.com/api/character/avatar/744.jpeg', 'Cenobite', 'Mythological Creature', 'UNKNOWN', 'Demon', '116', '116'),
('745', '2021-10-17 13:53:59.978000', 'FEMALE', 'https://rickandmortyapi.com/api/character/avatar/745.jpeg', 'Cenobite', 'Mythological Creature', 'UNKNOWN', 'Demon', '116', '116'),
('746', '2021-10-17 13:55:11.551000', 'MALE', 'https://rickandmortyapi.com/api/character/avatar/746.jpeg', 'Cenobite', 'Mythological Creature', 'UNKNOWN', 'Demon', '116', '116'),
('747', '2021-10-17 13:56:15.096000', 'MALE', 'https://rickandmortyapi.com/api/character/avatar/747.jpeg', 'Cenobite', 'Mythological Creature', 'UNKNOWN', 'Demon', '116', '116'),
('748', '2021-10-17 13:57:04.213000', 'MALE', 'https://rickandmortyapi.com/api/character/avatar/748.jpeg', 'Cenobite', 'Mythological Creature', 'UNKNOWN', 'Demon', '116', '116'),
('749', '2021-10-17 13:57:49.619000', 'MALE', 'https://rickandmortyapi.com/api/character/avatar/749.jpeg', 'Coat Rack Head', 'Mythological Creature', 'UNKNOWN', 'Demon', '116', '116'),
('750', '2021-10-17 13:58:37.737000', 'MALE', 'https://rickandmortyapi.com/api/character/avatar/750.jpeg', 'Mousetrap Nipples', 'Mythological Creature', 'UNKNOWN', 'Demon', '116', '116'),
('751', '2021-10-17 14:03:31.342000', 'MALE', 'https://rickandmortyapi.com/api/character/avatar/751.jpeg', 'Changeformer', 'Robot', 'DEAD', 'Changeformer', '118', '118'),
('752', '2021-10-17 14:04:04.675000', 'MALE', 'https://rickandmortyapi.com/api/character/avatar/752.jpeg', 'Changeformer', 'Robot', 'DEAD', 'Changeformer', '118', '118'),
('753', '2021-10-17 14:09:39.783000', 'FEMALE', 'https://rickandmortyapi.com/api/character/avatar/753.jpeg', 'Space Cruiser', 'Robot', 'ALIVE', 'Artificial Intelligence', '20', '20'),
('754', '2021-10-17 14:13:09.623000', 'MALE', 'https://rickandmortyapi.com/api/character/avatar/754.jpeg', 'Coop', 'Human', 'ALIVE', '', '20', '20'),
('755', '2021-10-17 14:14:04.450000', 'MALE', 'https://rickandmortyapi.com/api/character/avatar/755.jpeg', 'Dwayne', 'Human', 'ALIVE', '', '20', '20'),
('756', '2021-10-17 14:19:57.500000', 'MALE', 'https://rickandmortyapi.com/api/character/avatar/756.jpeg', 'Franklin D. Roosevelt', 'Humanoid', 'DEAD', 'Guinea Pig for the Polio Vaccine', '20', '20'),
('757', '2021-10-17 14:26:07.815000', 'MALE', 'https://rickandmortyapi.com/api/character/avatar/757.jpeg', 'President\'s General', 'Human', 'ALIVE', '', '20', '20'),
('758', '2021-10-17 14:59:32.923000', 'FEMALE', 'https://rickandmortyapi.com/api/character/avatar/758.jpeg', 'Giant Assassin Hidden in the Statue of Liberty', 'Robot', 'ALIVE', '', '20', '119'),
('759', '2021-10-17 15:01:58.524000', 'MALE', 'https://rickandmortyapi.com/api/character/avatar/759.jpeg', 'Turkey Morty', 'Animal', 'ALIVE', 'Turkey', '20', '20'),
('760', '2021-10-17 15:02:38.081000', 'MALE', 'https://rickandmortyapi.com/api/character/avatar/760.jpeg', 'Turkey Rick', 'Animal', 'ALIVE', 'Turkey', '20', '20'),
('761', '2021-10-17 15:03:29.593000', 'MALE', 'https://rickandmortyapi.com/api/character/avatar/761.jpeg', 'Turkey President Curtis', 'Animal', 'ALIVE', 'Turkey', '20', '20'),
('762', '2021-10-17 15:06:48.939000', 'MALE', 'https://rickandmortyapi.com/api/character/avatar/762.jpeg', 'Martnez', 'Animal', 'DEAD', 'Turkey', '20', '20'),
('763', '2021-10-17 15:07:24.718000', 'MALE', 'https://rickandmortyapi.com/api/character/avatar/763.jpeg', 'Marvin', 'Human', 'ALIVE', '', '20', '20'),
('764', '2021-10-17 15:08:16.906000', 'MALE', 'https://rickandmortyapi.com/api/character/avatar/764.jpeg', 'Jackey', 'Human', 'ALIVE', '', '20', '20'),
('765', '2021-10-17 15:09:22.123000', 'MALE', 'https://rickandmortyapi.com/api/character/avatar/765.jpeg', 'Native Alien', 'Alien', 'ALIVE', '', '20', null),
('766', '2021-10-17 15:10:21.016000', 'MALE', 'https://rickandmortyapi.com/api/character/avatar/766.jpeg', 'Pilgrim Alien', 'Alien', 'ALIVE', '', '20', null),
('767', '2021-10-17 15:11:48.815000', 'MALE', 'https://rickandmortyapi.com/api/character/avatar/767.jpeg', 'President Turkey', 'Humanoid', 'DEAD', 'Turkey Human Mix', '20', '20'),
('768', '2021-10-17 15:26:42.828000', 'FEMALE', 'https://rickandmortyapi.com/api/character/avatar/768.jpeg', 'Mary-Lou', 'Human', 'ALIVE', '', '20', '20'),
('769', '2021-10-25 08:54:36.735000', 'MALE', 'https://rickandmortyapi.com/api/character/avatar/769.jpeg', 'Big Fat rick', 'Human', 'UNKNOWN', '', '20', null),
('770', '2021-10-25 08:55:48.771000', 'MALE', 'https://rickandmortyapi.com/api/character/avatar/770.jpeg', 'Hothead Rick', 'Human', 'DEAD', '', '20', null),
('771', '2021-10-25 08:56:41.727000', 'MALE', 'https://rickandmortyapi.com/api/character/avatar/771.jpeg', 'Ricardo Montoya', 'Human', 'UNKNOWN', '', '20', null),
('772', '2021-10-25 08:57:20.725000', 'MALE', 'https://rickandmortyapi.com/api/character/avatar/772.jpeg', 'Wrap-it-up Little Rick', 'Human', 'DEAD', '', '20', null),
('773', '2021-10-25 08:58:05.108000', 'MALE', 'https://rickandmortyapi.com/api/character/avatar/773.jpeg', 'Yo-yo Rick', 'Human', 'UNKNOWN', '', '20', null),
('774', '2021-10-25 08:59:23.442000', 'UNKNOWN', 'https://rickandmortyapi.com/api/character/avatar/774.jpeg', 'Voiceoverian', 'Alien', 'DEAD', 'Parasite', '20', null),
('775', '2021-10-25 08:59:52.011000', 'UNKNOWN', 'https://rickandmortyapi.com/api/character/avatar/775.jpeg', 'Voiceoverian', 'Alien', 'DEAD', 'Parasite', '20', null),
('776', '2021-10-25 09:00:59.768000', 'MALE', 'https://rickandmortyapi.com/api/character/avatar/776.jpeg', 'Gotron Pilot', 'Human', 'DEAD', 'Anime', '20', null),
('777', '2021-10-25 09:02:55.146000', 'MALE', 'https://rickandmortyapi.com/api/character/avatar/777.jpeg', 'Gotron Pilot', 'Human', 'DEAD', 'Anime', '20', null),
('778', '2021-10-25 09:04:17.165000', 'MALE', 'https://rickandmortyapi.com/api/character/avatar/778.jpeg', 'Gotron Pilot', 'Human', 'DEAD', 'Anime', '20', null),
('779', '2021-10-25 09:12:36.210000', 'MALE', 'https://rickandmortyapi.com/api/character/avatar/779.jpeg', 'Young Memory Rick', 'Human', 'ALIVE', 'Memory', '126', '120'),
('780', '2021-10-25 09:14:05.923000', 'FEMALE', 'https://rickandmortyapi.com/api/character/avatar/780.jpeg', 'Memory Tammy', 'Human', 'DEAD', 'Memory', '120', '120'),
('781', '2021-10-25 09:18:48.188000', 'FEMALE', 'https://rickandmortyapi.com/api/character/avatar/781.jpeg', 'Rick\'s Garage', 'Robot', 'ALIVE', 'Artificial Intelligence', '20', '20'),
('782', '2021-10-25 09:20:57.545000', 'MALE', 'https://rickandmortyapi.com/api/character/avatar/782.jpeg', 'Memory Squanchy', 'Alien', 'DEAD', 'Memory', '120', '120'),
('783', '2021-10-25 09:22:40.448000', 'MALE', 'https://rickandmortyapi.com/api/character/avatar/783.jpeg', 'Memory Rick', 'Human', 'DEAD', 'Memory', '120', '120'),
('784', '2021-10-25 09:23:22.034000', 'MALE', 'https://rickandmortyapi.com/api/character/avatar/784.jpeg', 'Memory Rick', 'Human', 'DEAD', 'Memory', '120', '120'),
('785', '2021-10-25 09:24:51.284000', 'MALE', 'https://rickandmortyapi.com/api/character/avatar/785.jpeg', 'Memory Geardude', 'Alien', 'DEAD', 'Memory', '120', '120'),
('786', '2021-10-25 09:27:05.325000', 'FEMALE', 'https://rickandmortyapi.com/api/character/avatar/786.jpeg', 'Birdperson & Tammy\'s Child', 'Humanoid', 'ALIVE', 'Bird-Person Human Mix', '20', '20'),
('787', '2021-10-25 09:31:47.377000', 'UNKNOWN', 'https://rickandmortyapi.com/api/character/avatar/787.jpeg', 'Two Crows', 'Animal', 'ALIVE', 'Crow', '125', '20'),
('788', '2021-10-25 10:18:19.997000', 'MALE', 'https://rickandmortyapi.com/api/character/avatar/788.jpeg', 'Mr. Cookie President', 'Alien', 'ALIVE', 'Cookie', '20', null),
('789', '2021-10-25 10:19:06.159000', 'MALE', 'https://rickandmortyapi.com/api/character/avatar/789.jpeg', 'Nick', 'Human', 'DEAD', '', '20', '20'),
('790', '2021-10-25 10:20:33.373000', 'MALE', 'https://rickandmortyapi.com/api/character/avatar/790.jpeg', 'Harold (Garbage Goober)', 'Alien', 'ALIVE', '', '20', null),
('791', '2021-10-25 10:21:17.779000', 'FEMALE', 'https://rickandmortyapi.com/api/character/avatar/791.jpeg', 'Harold\'s Wife', 'Alien', 'ALIVE', '', '20', null),
('792', '2021-10-26 14:48:36.728000', 'MALE', 'https://rickandmortyapi.com/api/character/avatar/792.jpeg', 'Alien Crow', 'Alien', 'DEAD', 'Crow', '122', '122'),
('793', '2021-11-02 13:00:18.318000', 'FEMALE', 'https://rickandmortyapi.com/api/character/avatar/793.jpeg', 'Alien Crow', 'Alien', 'DEAD', 'Crow', '122', '122'),
('794', '2021-11-02 13:04:18.866000', 'MALE', 'https://rickandmortyapi.com/api/character/avatar/794.jpeg', 'Samansky', 'Alien', 'DEAD', 'Normal Size Bug', '20', '123'),
('795', '2021-11-02 13:05:12.642000', 'MALE', 'https://rickandmortyapi.com/api/character/avatar/795.jpeg', 'Palicki', 'Alien', 'ALIVE', 'Normal Size Bug', '123', '123'),
('796', '2021-11-02 13:05:42.996000', 'MALE', 'https://rickandmortyapi.com/api/character/avatar/796.jpeg', 'Sarge', 'Alien', 'ALIVE', 'Normal Size Bug', '123', '123'),
('797', '2021-11-02 13:07:40.795000', 'MALE', 'https://rickandmortyapi.com/api/character/avatar/797.jpeg', 'Slartivartian', 'Alien', 'DEAD', 'Slartivartian', '124', '124'),
('798', '2021-11-02 13:09:10.765000', 'MALE', 'https://rickandmortyapi.com/api/character/avatar/798.jpeg', 'Ferkusian', 'Alien', 'ALIVE', 'Ferkusian', '113', '113'),
('799', '2021-11-02 13:09:51.886000', 'MALE', 'https://rickandmortyapi.com/api/character/avatar/799.jpeg', 'Morglutzian', 'Alien', 'DEAD', 'Morglutzian', '112', '112'),
('800', '2021-11-02 13:11:52.372000', 'MALE', 'https://rickandmortyapi.com/api/character/avatar/800.jpeg', 'Super Turkey', 'Humanoid', 'DEAD', 'Turkey Human Mix', '20', '20'),
('801', '2021-11-02 13:12:26.860000', 'MALE', 'https://rickandmortyapi.com/api/character/avatar/801.jpeg', '7+7 Years Old Morty', 'Human', 'UNKNOWN', '', '3', '3'),
('802', '2021-11-02 13:12:42.408000', 'MALE', 'https://rickandmortyapi.com/api/character/avatar/802.jpeg', '26 Years Old Morty', 'Human', 'DEAD', '', '3', '3'),
('803', '2021-11-02 13:13:51.515000', 'MALE', 'https://rickandmortyapi.com/api/character/avatar/803.jpeg', '40 Years Old Morty', 'Human', 'UNKNOWN', '', '3', '3'),
('804', '2021-11-02 13:19:19.807000', 'MALE', 'https://rickandmortyapi.com/api/character/avatar/804.jpeg', 'Andy', 'Human', 'UNKNOWN', 'Mascot', '3', null),
('805', '2021-11-02 13:31:17.973000', 'MALE', 'https://rickandmortyapi.com/api/character/avatar/805.jpeg', 'Baby Mouse Skin Morty', 'Human', 'ALIVE', '', '3', '3'),
('806', '2021-11-02 13:33:10.457000', 'MALE', 'https://rickandmortyapi.com/api/character/avatar/806.jpeg', 'Metaphor for Capitalism', 'Humanoid', 'DEAD', '', '3', '3'),
('807', '2021-11-02 13:39:31.038000', 'FEMALE', 'https://rickandmortyapi.com/api/character/avatar/807.jpeg', 'Beth Sanchez', 'Human', 'DEAD', '', '126', '1'),
('808', '2021-11-02 13:41:47.963000', 'MALE', 'https://rickandmortyapi.com/api/character/avatar/808.jpeg', 'Crow Scare', 'Humanoid', 'ALIVE', 'Scarecrow', '125', '125'),
('809', '2021-11-02 13:51:30.942000', 'MALE', 'https://rickandmortyapi.com/api/character/avatar/809.jpeg', 'Pussifer', 'Animal', 'DEAD', 'Tiger', '125', '125'),
('810', '2021-11-02 13:55:06.815000', 'MALE', 'https://rickandmortyapi.com/api/character/avatar/810.jpeg', 'Stan Lee Rick', 'Human', 'UNKNOWN', '', '3', null),
('811', '2021-11-02 14:06:40.357000', 'MALE', 'https://rickandmortyapi.com/api/character/avatar/811.jpeg', 'Re-Build-a-Morty Morty', 'Human', 'UNKNOWN', '', '3', null),
('812', '2021-11-02 14:07:57.818000', 'MALE', 'https://rickandmortyapi.com/api/character/avatar/812.jpeg', 'Deformed Morty', 'Humanoid', 'DEAD', '', '3', '3'),
('813', '2021-11-02 14:11:56.442000', 'UNKNOWN', 'https://rickandmortyapi.com/api/character/avatar/813.jpeg', 'Crow Horse', 'Robot', 'ALIVE', 'Crow Horse', '20', '125'),
('814', '2021-11-02 15:16:51.977000', 'MALE', 'https://rickandmortyapi.com/api/character/avatar/814.jpeg', 'Bald Rick', 'Human', 'DEAD', '', '126', null),
('815', '2021-11-02 15:19:11.398000', 'MALE', 'https://rickandmortyapi.com/api/character/avatar/815.jpeg', 'Punk Rick', 'Human', 'DEAD', '', '126', null),
('816', '2021-11-02 15:21:28.996000', 'MALE', 'https://rickandmortyapi.com/api/character/avatar/816.jpeg', 'Party Rick', 'Human', 'DEAD', '', '126', null),
('817', '2021-11-02 15:23:05.371000', 'MALE', 'https://rickandmortyapi.com/api/character/avatar/817.jpeg', 'Scar Rick', 'Human', 'DEAD', '', '126', null),
('818', '2021-11-02 15:24:36.172000', 'MALE', 'https://rickandmortyapi.com/api/character/avatar/818.jpeg', 'Long Hair Rick', 'Human', 'UNKNOWN', '', '3', null),
('819', '2021-11-02 15:26:36.495000', 'MALE', 'https://rickandmortyapi.com/api/character/avatar/819.jpeg', 'Redhead Rick', 'Human', 'DEAD', '', '3', null),
('820', '2021-11-02 15:27:02.303000', 'MALE', 'https://rickandmortyapi.com/api/character/avatar/820.jpeg', 'Redhead Morty', 'Human', 'DEAD', '', '3', null),
('821', '2021-11-02 17:15:24.788000', 'GENDERLESS', 'https://rickandmortyapi.com/api/character/avatar/821.jpeg', 'Gotron', 'Robot', 'UNKNOWN', 'Ferret Robot', '20', '20'),
('822', '2021-11-02 17:18:31.934000', 'MALE', 'https://rickandmortyapi.com/api/character/avatar/822.jpeg', 'Young Jerry', 'Human', 'UNKNOWN', '', '30', '30'),
('823', '2021-11-02 17:19:00.951000', 'FEMALE', 'https://rickandmortyapi.com/api/character/avatar/823.jpeg', 'Young Beth', 'Human', 'UNKNOWN', '', '30', '30'),
('824', '2021-11-02 17:19:47.957000', 'FEMALE', 'https://rickandmortyapi.com/api/character/avatar/824.jpeg', 'Young Beth', 'Human', 'UNKNOWN', '', '30', '30'),
('825', '2021-11-02 17:20:14.305000', 'MALE', 'https://rickandmortyapi.com/api/character/avatar/825.jpeg', 'Young Jerry', 'Human', 'UNKNOWN', '', '30', '30'),
('826', '2021-11-02 17:24:37.458000', 'GENDERLESS', 'https://rickandmortyapi.com/api/character/avatar/826.jpeg', 'Butter Robot', 'Robot', 'ALIVE', 'Passing Butter Robot', '20', '20');
--
-- end table insert : characters
--

/*!40000 ALTER TABLE `characters` ENABLE KEYS */;


--
-- start  table dump : episode
--

CREATE TABLE IF NOT EXISTS `episode` (
  `id` bigint NOT NULL AUTO_INCREMENT,
  `air_date` datetime(6) DEFAULT NULL,
  `created` datetime(6) DEFAULT NULL,
  `episode` varchar(255) DEFAULT NULL,
  `name` varchar(255) DEFAULT NULL,
  `url` varchar(255) DEFAULT NULL,
  PRIMARY KEY (`id`)
) ENGINE=InnoDB AUTO_INCREMENT=52 DEFAULT CHARSET=utf8mb4 COLLATE=utf8mb4_0900_ai_ci;



--
-- end  table dump : episode
--


--
-- Inserts of episode
--


/*!40000 ALTER TABLE `episode` DISABLE KEYS */;

--
-- start table insert : episode
--
INSERT INTO `episode`(`id`, `air_date`, `created`, `episode`, `name`, `url`) VALUES 
('1', '2013-12-02 00:00:00', '2017-11-10 12:56:33.798000', 'S01E01', 'Pilot', 'https://rickandmortyapi.com/api/episode/1'),
('2', '2013-12-09 00:00:00', '2017-11-10 12:56:33.916000', 'S01E02', 'Lawnmower Dog', 'https://rickandmortyapi.com/api/episode/2'),
('3', '2013-12-16 00:00:00', '2017-11-10 12:56:34.022000', 'S01E03', 'Anatomy Park', 'https://rickandmortyapi.com/api/episode/3'),
('4', '2014-01-13 00:00:00', '2017-11-10 12:56:34.129000', 'S01E04', 'M. Night Shaym-Aliens!', 'https://rickandmortyapi.com/api/episode/4'),
('5', '2014-01-20 00:00:00', '2017-11-10 12:56:34.236000', 'S01E05', 'Meeseeks and Destroy', 'https://rickandmortyapi.com/api/episode/5'),
('6', '2014-01-27 00:00:00', '2017-11-10 12:56:34.339000', 'S01E06', 'Rick Potion #9', 'https://rickandmortyapi.com/api/episode/6'),
('7', '2014-03-10 00:00:00', '2017-11-10 12:56:34.441000', 'S01E07', 'Raising Gazorpazorp', 'https://rickandmortyapi.com/api/episode/7'),
('8', '2014-03-17 00:00:00', '2017-11-10 12:56:34.543000', 'S01E08', 'Rixty Minutes', 'https://rickandmortyapi.com/api/episode/8'),
('9', '2014-03-24 00:00:00', '2017-11-10 12:56:34.645000', 'S01E09', 'Something Ricked This Way Comes', 'https://rickandmortyapi.com/api/episode/9'),
('10', '2014-04-07 00:00:00', '2017-11-10 12:56:34.747000', 'S01E10', 'Close Rick-counters of the Rick Kind', 'https://rickandmortyapi.com/api/episode/10'),
('11', '2014-04-14 00:00:00', '2017-11-10 12:56:34.850000', 'S01E11', 'Ricksy Business', 'https://rickandmortyapi.com/api/episode/11'),
('12', '2015-07-26 00:00:00', '2017-11-10 12:56:34.953000', 'S02E01', 'A Rickle in Time', 'https://rickandmortyapi.com/api/episode/12'),
('13', '2015-08-02 00:00:00', '2017-11-10 12:56:35.055000', 'S02E02', 'Mortynight Run', 'https://rickandmortyapi.com/api/episode/13'),
('14', '2015-08-09 00:00:00', '2017-11-10 12:56:35.158000', 'S02E03', 'Auto Erotic Assimilation', 'https://rickandmortyapi.com/api/episode/14'),
('15', '2015-08-16 00:00:00', '2017-11-10 12:56:35.261000', 'S02E04', 'Total Rickall', 'https://rickandmortyapi.com/api/episode/15'),
('16', '2015-08-23 00:00:00', '2017-11-10 12:56:35.364000', 'S02E05', 'Get Schwifty', 'https://rickandmortyapi.com/api/episode/16'),
('17', '2015-08-30 00:00:00', '2017-11-10 12:56:35.467000', 'S02E06', 'The Ricks Must Be Crazy', 'https://rickandmortyapi.com/api/episode/17'),
('18', '2015-09-13 00:00:00', '2017-11-10 12:56:35.569000', 'S02E07', 'Big Trouble in Little Sanchez', 'https://rickandmortyapi.com/api/episode/18'),
('19', '2015-09-20 00:00:00', '2017-11-10 12:56:35.669000', 'S02E08', 'Interdimensional Cable 2: Tempting Fate', 'https://rickandmortyapi.com/api/episode/19'),
('20', '2015-09-27 00:00:00', '2017-11-10 12:56:35.772000', 'S02E09', 'Look Who\'s Purging Now', 'https://rickandmortyapi.com/api/episode/20'),
('21', '2015-10-04 00:00:00', '2017-11-10 12:56:35.875000', 'S02E10', 'The Wedding Squanchers', 'https://rickandmortyapi.com/api/episode/21'),
('22', '2017-04-01 00:00:00', '2017-11-10 12:56:35.983000', 'S03E01', 'The Rickshank Rickdemption', 'https://rickandmortyapi.com/api/episode/22'),
('23', '2017-07-30 00:00:00', '2017-11-10 12:56:36.100000', 'S03E02', 'Rickmancing the Stone', 'https://rickandmortyapi.com/api/episode/23'),
('24', '2017-08-06 00:00:00', '2017-11-10 12:56:36.206000', 'S03E03', 'Pickle Rick', 'https://rickandmortyapi.com/api/episode/24'),
('25', '2017-08-13 00:00:00', '2017-11-10 12:56:36.310000', 'S03E04', 'Vindicators 3: The Return of Worldender', 'https://rickandmortyapi.com/api/episode/25'),
('26', '2017-08-20 00:00:00', '2017-11-10 12:56:36.413000', 'S03E05', 'The Whirly Dirly Conspiracy', 'https://rickandmortyapi.com/api/episode/26'),
('27', '2017-08-27 00:00:00', '2017-11-10 12:56:36.515000', 'S03E06', 'Rest and Ricklaxation', 'https://rickandmortyapi.com/api/episode/27'),
('28', '2017-09-10 00:00:00', '2017-11-10 12:56:36.618000', 'S03E07', 'The Ricklantis Mixup', 'https://rickandmortyapi.com/api/episode/28'),
('29', '2017-09-17 00:00:00', '2017-11-10 12:56:36.726000', 'S03E08', 'Morty\'s Mind Blowers', 'https://rickandmortyapi.com/api/episode/29'),
('30', '2017-09-24 00:00:00', '2017-11-10 12:56:36.828000', 'S03E09', 'The ABC\'s of Beth', 'https://rickandmortyapi.com/api/episode/30'),
('31', '2017-10-01 00:00:00', '2017-11-10 12:56:36.929000', 'S03E10', 'The Rickchurian Mortydate', 'https://rickandmortyapi.com/api/episode/31'),
('32', '2019-11-10 00:00:00', '2020-04-30 06:52:04.495000', 'S04E01', 'Edge of Tomorty: Rick, Die, Rickpeat', 'https://rickandmortyapi.com/api/episode/32'),
('33', '2019-11-17 00:00:00', '2020-04-30 06:52:04.498000', 'S04E02', 'The Old Man and the Seat', 'https://rickandmortyapi.com/api/episode/33'),
('34', '2019-11-24 00:00:00', '2020-04-30 06:52:04.498000', 'S04E03', 'One Crew Over the Crewcoo\'s Morty', 'https://rickandmortyapi.com/api/episode/34'),
('35', '2019-12-08 00:00:00', '2020-04-30 06:52:04.498000', 'S04E04', 'Claw and Hoarder: Special Ricktim\'s Morty', 'https://rickandmortyapi.com/api/episode/35'),
('36', '2019-12-15 00:00:00', '2020-04-30 06:52:04.499000', 'S04E05', 'Rattlestar Ricklactica', 'https://rickandmortyapi.com/api/episode/36'),
('37', '2020-05-03 00:00:00', '2020-08-06 05:44:21.422000', 'S04E06', 'Never Ricking Morty', 'https://rickandmortyapi.com/api/episode/37'),
('38', '2020-05-10 00:00:00', '2020-08-06 05:49:40.563000', 'S04E07', 'Promortyus', 'https://rickandmortyapi.com/api/episode/38'),
('39', '2020-05-17 00:00:00', '2020-08-06 05:51:07.419000', 'S04E08', 'The Vat of Acid Episode', 'https://rickandmortyapi.com/api/episode/39'),
('40', '2020-05-24 00:00:00', '2020-08-06 05:51:25.458000', 'S04E09', 'Childrick of Mort', 'https://rickandmortyapi.com/api/episode/40'),
('41', '2020-05-31 00:00:00', '2020-08-06 05:51:52.079000', 'S04E10', 'Star Mort: Rickturn of the Jerri', 'https://rickandmortyapi.com/api/episode/41'),
('42', '2021-06-20 00:00:00', '2021-10-15 17:00:24.099000', 'S05E01', 'Mort Dinner Rick Andre', 'https://rickandmortyapi.com/api/episode/42'),
('43', '2021-06-27 00:00:00', '2021-10-15 17:00:24.102000', 'S05E02', 'Mortyplicity', 'https://rickandmortyapi.com/api/episode/43'),
('44', '2021-07-04 00:00:00', '2021-10-15 17:00:24.102000', 'S05E03', 'A Rickconvenient Mort', 'https://rickandmortyapi.com/api/episode/44'),
('45', '2021-07-11 00:00:00', '2021-10-15 17:00:24.103000', 'S05E04', 'Rickdependence Spray', 'https://rickandmortyapi.com/api/episode/45'),
('46', '2021-07-18 00:00:00', '2021-10-15 17:00:24.103000', 'S05E05', 'Amortycan Grickfitti', 'https://rickandmortyapi.com/api/episode/46'),
('47', '2021-07-25 00:00:00', '2021-10-15 17:00:24.104000', 'S05E06', 'Rick & Morty\'s Thanksploitation Spectacular', 'https://rickandmortyapi.com/api/episode/47'),
('48', '2021-08-01 00:00:00', '2021-10-15 17:00:24.104000', 'S05E07', 'Gotron Jerrysis Rickvangelion', 'https://rickandmortyapi.com/api/episode/48'),
('49', '2021-08-08 00:00:00', '2021-10-15 17:00:24.104000', 'S05E08', 'Rickternal Friendshine of the Spotless Mort', 'https://rickandmortyapi.com/api/episode/49'),
('50', '2021-09-05 00:00:00', '2021-10-15 17:00:24.105000', 'S05E09', 'Forgetting Sarick Mortshall', 'https://rickandmortyapi.com/api/episode/50'),
('51', '2021-09-05 00:00:00', '2021-10-15 17:00:24.105000', 'S05E10', 'Rickmurai Jack', 'https://rickandmortyapi.com/api/episode/51');
--
-- end table insert : episode
--

/*!40000 ALTER TABLE `episode` ENABLE KEYS */;


--
-- start  table dump : location
--

CREATE TABLE IF NOT EXISTS `location` (
  `id` bigint NOT NULL AUTO_INCREMENT,
  `created` datetime(6) DEFAULT NULL,
  `dimension` varchar(255) DEFAULT NULL,
  `name` varchar(255) DEFAULT NULL,
  `type` varchar(255) DEFAULT NULL,
  PRIMARY KEY (`id`)
) ENGINE=InnoDB AUTO_INCREMENT=127 DEFAULT CHARSET=utf8mb4 COLLATE=utf8mb4_0900_ai_ci;



--
-- end  table dump : location
--


--
-- Inserts of location
--


/*!40000 ALTER TABLE `location` DISABLE KEYS */;

--
-- start table insert : location
--
INSERT INTO `location`(`id`, `created`, `dimension`, `name`, `type`) VALUES 
('1', '2017-11-10 12:42:04.162000', 'Dimension C-137', 'Earth (C-137)', 'Planet'),
('2', '2017-11-10 13:06:38.182000', 'unknown', 'Abadango', 'Cluster'),
('3', '2017-11-10 13:08:13.191000', 'unknown', 'Citadel of Ricks', 'Space station'),
('4', '2017-11-10 13:08:20.569000', 'unknown', 'Worldender\'s lair', 'Planet'),
('5', '2017-11-10 13:08:46.060000', 'Dimension C-137', 'Anatomy Park', 'Microverse'),
('6', '2017-11-10 13:09:09.102000', 'unknown', 'Interdimensional Cable', 'TV'),
('7', '2017-11-10 13:09:17.136000', 'unknown', 'Immortality Field Resort', 'Resort'),
('8', '2017-11-10 13:09:22.551000', 'Post-Apocalyptic Dimension', 'Post-Apocalyptic Earth', 'Planet'),
('9', '2017-11-10 13:09:29.566000', 'Replacement Dimension', 'Purge Planet', 'Planet'),
('10', '2017-11-18 11:21:51.643000', 'unknown', 'Venzenulon 7', 'Planet'),
('11', '2017-11-18 11:26:03.325000', 'unknown', 'Bepis 9', 'Planet'),
('12', '2017-11-18 11:29:27.857000', 'Cronenberg Dimension', 'Cronenberg Earth', 'Planet'),
('13', '2017-11-18 11:30:29.780000', 'unknown', 'Nuptia 4', 'Planet'),
('14', '2017-11-18 11:31:15.248000', 'Fantasy Dimension', 'Giant\'s Town', 'Fantasy town'),
('15', '2017-11-18 11:32:26.752000', 'unknown', 'Bird World', 'Planet'),
('16', '2017-11-18 11:43:20.075000', 'unknown', 'St. Gloopy Noops Hospital', 'Space station'),
('17', '2017-11-18 11:41:08.486000', 'Dimension 5-126', 'Earth (5-126)', 'Planet'),
('18', '2017-11-18 11:46:22.933000', 'Dimension C-137', 'Mr. Goldenfold\'s dream', 'Dream'),
('19', '2017-11-18 11:39:52.165000', 'Replacement Dimension', 'Gromflom Prime', 'Planet'),
('20', '2017-11-18 19:33:01.173000', 'Replacement Dimension', 'Earth (Replacement Dimension)', 'Planet'),
('21', '2017-11-18 19:41:01.605000', 'Testicle Monster Dimension', 'Testicle Monster Dimension', 'Dimension'),
('22', '2017-11-18 20:27:26.218000', 'Cromulon Dimension', 'Signus 5 Expanse', 'unknown'),
('23', '2017-11-18 20:58:15.178000', 'Dimension C-500A', 'Earth (C-500A)', 'Planet'),
('24', '2017-11-30 11:02:41.722000', 'Replacement Dimension', 'Rick\'s Battery Microverse', 'Microverse'),
('25', '2017-11-30 11:13:46.697000', 'unknown', 'The Menagerie', 'Menagerie'),
('26', '2017-11-30 11:41:11.452000', 'Dimension K-83', 'Earth (K-83)', 'Planet'),
('27', '2017-11-30 14:18:16.869000', 'unknown', 'Hideout Planet', 'Planet'),
('28', '2017-11-30 14:28:54.591000', 'Replacement Dimension', 'Unity\'s Planet', 'Planet'),
('29', '2017-12-01 11:36:16.463000', 'Replacement Dimension', 'Dorian 5', 'Planet'),
('30', '2017-12-01 11:49:43.923000', 'unknown', 'Earth (Unknown dimension)', 'Planet'),
('31', '2017-12-01 12:29:27.976000', 'Dimension J197', 'Earth (J197)', 'Planet'),
('32', '2017-12-26 12:46:48.798000', 'Replacement Dimension', 'Roy: A Life Well Lived', 'Game'),
('33', '2017-12-26 13:43:29.291000', 'Eric Stoltz Mask Dimension', 'Eric Stoltz Mask Earth', 'Planet'),
('34', '2017-12-26 15:35:20.499000', 'Evil Rick\'s Target Dimension', 'Earth (Evil Rick\'s Target Dimension)', 'Planet'),
('35', '2017-12-26 17:51:53.018000', 'Replacement Dimension', 'Planet Squanch', 'Planet'),
('36', '2017-12-26 20:30:45.939000', 'unknown', 'Glaagablaaga', 'Planet'),
('37', '2017-12-27 20:02:59.005000', 'unknown', 'Resort Planet', 'Planet'),
('38', '2017-12-29 10:37:48.281000', 'unknown', 'Interdimensional Customs', 'Customs'),
('39', '2017-12-29 12:02:33.513000', 'unknown', 'Galactic Federation Prison', 'Space station'),
('40', '2017-12-29 12:31:50.313000', 'unknown', 'Gazorpazorp', 'Planet'),
('41', '2017-12-29 15:27:54.209000', 'unknown', 'Hamster in Butt World', 'Planet'),
('42', '2017-12-29 16:03:28.720000', 'Giant Telepathic Spiders Dimension', 'Earth (Giant Telepathic Spiders Dimension)', 'Planet'),
('43', '2017-12-29 16:08:47.694000', 'Replacement Dimension', 'Alphabetrium', 'Planet'),
('44', '2017-12-29 17:50:19.947000', 'unknown', 'Jerryboree', 'Daycare'),
('45', '2017-12-29 19:26:06.827000', 'Replacement Dimension', 'Krootabulon', 'Planet'),
('46', '2017-12-29 19:40:07.748000', 'Dimension C-137', 'Zigerion\'s Base', 'Space station'),
('47', '2017-12-29 19:49:29.228000', 'Replacement Dimension', 'Pluto', 'Dwarf planet (Celestial Dwarf)'),
('48', '2017-12-29 19:55:54.672000', 'Fantasy Dimension', 'Fantasy World', 'Planet'),
('49', '2017-12-29 19:58:44.675000', 'Replacement Dimension', 'Zeep Xanflorp\'s Miniverse', 'Miniverse'),
('50', '2017-12-30 12:36:19.730000', 'Replacement Dimension', 'Kyle\'s Teenyverse', 'Teenyverse'),
('51', '2017-12-30 12:48:19.312000', 'Unknown dimension', 'Larva Alien\'s Planet', 'Planet'),
('52', '2017-12-30 16:33:49.507000', 'Dimension K-22', 'Earth (K-22)', 'Planet'),
('53', '2017-12-30 17:52:12.217000', 'unknown', 'Mr. Meeseeks Box', 'Box'),
('54', '2017-12-31 12:57:37.824000', 'unknown', 'Vindicator\'s Base', 'Spacecraft'),
('55', '2017-12-31 13:30:33.579000', 'Replacement Dimension', 'Pawn Shop Planet', 'Planet'),
('56', '2017-12-31 14:01:44.921000', 'Replacement Dimension', 'Mega Gargantuan Kingdom', 'Microverse'),
('57', '2017-12-31 19:21:17.276000', 'unknown', 'Gear World', 'Planet'),
('58', '2017-12-31 19:49:55.109000', 'Dimension D-99', 'Earth (D-99)', 'Planet'),
('59', '2017-12-31 19:51:33.170000', 'Dimension D716', 'Earth (D716)', 'Planet'),
('60', '2017-12-31 19:55:25.026000', 'Dimension D716-B', 'Earth (D716-B)', 'Planet'),
('61', '2017-12-31 19:57:36.468000', 'Dimension D716-C', 'Earth (D716-C)', 'Planet'),
('62', '2017-12-31 20:16:52.263000', 'Dimension J-22', 'Earth (J-22)', 'Planet'),
('63', '2018-01-10 17:55:14.227000', 'Replacement Dimension', 'Froopyland', 'Artificially generated world'),
('64', '2018-01-10 18:20:41.627000', 'Replacement Dimension', 'Detoxifier', 'Machine'),
('65', '2018-01-10 19:03:13.484000', 'unknown', 'Trunk World', 'Planet'),
('66', '2018-01-10 19:56:57.717000', 'unknown', 'Plopstar', 'Planet'),
('67', '2018-01-21 19:01:19.496000', 'Replacement Dimension', 'Blips and Chitz', 'Arcade'),
('68', '2018-04-15 16:39:38.598000', 'unknown', 'Girvonesk', 'unknown'),
('69', '2018-04-15 16:55:56.212000', 'Dimension C-35', 'Earth (C-35)', 'Planet'),
('70', '2018-04-15 17:13:54.071000', 'Dimension C-137', 'Snuffles\' Dream', 'Dream'),
('71', '2018-04-15 17:55:04.478000', 'Pizza Dimension', 'Earth (Pizza Dimension)', 'Planet'),
('72', '2018-04-15 17:56:09.117000', 'Phone Dimension', 'Earth (Phone Dimension)', 'Planet'),
('73', '2018-04-16 21:50:20.144000', 'unknown', 'Greasy Grandma World', 'Planet'),
('74', '2018-04-16 21:58:24.292000', 'Chair Dimension', 'Earth (Chair Dimension)', 'Planet'),
('75', '2018-05-01 15:27:20.251000', 'unknown', 'rboles Mentirosos', 'Planet'),
('76', '2018-05-22 20:49:01.820000', 'unknown', 'Alien Day Spa', 'Spa'),
('77', '2020-05-02 09:39:49.158000', 'Fascist Dimension', 'Earth (Fascist Dimension)', 'Planet'),
('78', '2020-05-02 09:47:39.754000', 'Replacement Dimension', 'Snake Planet', 'Planet'),
('79', '2020-05-02 10:04:05.509000', 'Replacement Dimension', 'Forbodulon Prime', 'Planet'),
('80', '2020-05-02 11:52:35.156000', 'Fascist Shrimp Dimension', 'Earth (Fascist Shrimp Dimension)', 'Planet'),
('81', '2020-05-02 12:16:18.224000', 'Fascist Teddy Bear Dimension', 'Earth (Fascist Teddy Bear Dimension)', 'Planet'),
('82', '2020-05-02 12:34:19.656000', 'Wasp Dimension', 'Earth (Wasp Dimension)', 'Planet'),
('83', '2020-05-02 13:10:42.299000', 'Replacement Dimension', 'Monogatron Mothership', 'Space station'),
('84', '2020-05-02 13:21:49.663000', 'Replacement Dimension', 'Gorgon Quadrant', 'Quadrant'),
('85', '2020-05-02 13:30:41.732000', 'Replacement Dimension', 'Midland Quasar', 'Quasar'),
('86', '2020-05-02 13:34:45.332000', 'Replacement Dimension', 'Mount Space Everest', 'Mount'),
('87', '2020-05-02 13:44:54.688000', 'Replacement Dimension', 'Globaflyn', 'Liquid'),
('88', '2020-05-07 09:07:41.816000', 'Replacement Dimension', 'Heist-Con', 'Convention'),
('89', '2020-05-07 10:11:40.632000', 'Replacement Dimension', 'Heistotron Base', 'Space station'),
('90', '2020-05-07 10:19:34.206000', 'Replacement Dimension', 'Mount Olympus', 'Mount'),
('91', '2020-05-07 10:23:07.595000', 'Replacement Dimension', 'Plitzville Montana', 'Woods'),
('92', '2020-05-07 10:25:11.950000', 'Tusk Dimension', 'Earth (Tusk Dimension)', 'Planet'),
('93', '2020-05-07 10:26:35.591000', 'Replacement Dimension', 'Gramuflack', 'Planet'),
('94', '2020-05-07 11:30:49.963000', 'Magic Dimension', 'Draygon', 'Planet'),
('95', '2020-08-05 12:42:58.048000', 'Replacement Dimension', 'New Improved Galactic Federation Quarters', 'Space station'),
('96', '2020-08-06 09:47:28.216000', 'Replacement Dimension', 'Story Train', 'Diegesis'),
('97', '2020-08-06 09:50:13.771000', 'Replacement Dimension', 'Non-Diegetic Alternative Reality', 'Non-Diegetic Alternative Reality'),
('98', '2020-08-06 09:52:43.580000', 'Replacement Dimension', 'Tickets Please Guy Nightmare', 'Nightmare'),
('99', '2020-08-06 11:42:46.054000', 'Replacement Dimension', 'Mortys Story', 'Diegesis'),
('100', '2020-08-06 11:45:08.782000', 'Replacement Dimension', 'Rickss Story', 'Diegesis'),
('101', '2020-08-07 11:28:46.897000', 'Replacement Dimension', 'Glorzo Asteroid', 'Asteroid'),
('102', '2020-08-13 10:08:12.986000', 'Replacement Dimension', 'Alien Acid Plant', 'Acid Plant'),
('103', '2020-08-13 10:16:18.946000', 'Merged Dimension', 'Merged Universe', 'Dimension'),
('104', '2020-08-13 11:15:54.414000', 'Unknown dimension', 'Near-Duplicate Reality', 'Reality'),
('105', '2020-08-13 11:35:53.644000', 'Replacement Dimension', 'NX-5 Planet Remover', 'Death Star'),
('106', '2020-08-13 12:00:29.825000', 'Replacement Dimension', 'Gaia', 'Planet'),
('107', '2020-08-13 13:05:33.161000', 'Replacement Dimension', 'Defiance\'s Ship', 'Spacecraft'),
('108', '2020-08-13 13:07:01.192000', 'Replacement Dimension', 'Defiance\'s Base', 'Base'),
('109', '2021-10-16 11:53:50.571000', 'Replacement Dimension', 'The Ocean', 'Liquid'),
('110', '2021-10-16 11:59:26.649000', 'Fantasy Dimension', 'Narnia Dimension', 'Dimension'),
('111', '2021-10-17 09:49:31.948000', 'Replacement Dimension', 'Elemental Rings', 'Elemental Rings'),
('112', '2021-10-17 09:51:34.413000', 'Replacement Dimension', 'Morglutz', 'Planet'),
('113', '2021-10-17 09:52:23.219000', 'Replacement Dimension', 'Ferkus 9', 'Planet'),
('114', '2021-10-17 10:08:24.040000', 'Replacement Dimension', 'Morty', 'Human'),
('115', '2021-10-17 11:55:43.920000', 'Replacement Dimension', 'Space', 'Space'),
('116', '2021-10-17 12:31:59.067000', 'Replacement Dimension', 'Hell', 'Hell'),
('117', '2021-10-17 13:45:50.845000', 'Replacement Dimension', 'Z. Q. P. D.', 'Police Department'),
('118', '2021-10-17 14:03:13.221000', 'Replacement Dimension', 'Space Tahoe', ''),
('119', '2021-10-17 14:59:13.494000', 'Replacement Dimension', 'France', 'Country'),
('120', '2021-10-25 09:06:22.109000', 'Replacement Dimension', 'Birdperson\'s Consciousness', 'Consciousness'),
('121', '2021-10-25 09:12:23.715000', 'Replacement Dimension', 'Rick\'s Consciousness', 'Consciousness'),
('122', '2021-10-26 12:19:52.957000', 'Replacement Dimension', 'Avian Planet', 'Planet'),
('123', '2021-11-02 13:03:21.307000', '', 'Normal Size Bug Dimension', 'Dimension'),
('124', '2021-11-02 13:07:27.619000', 'Replacement Dimension', 'Slartivart', 'Planet'),
('125', '2021-11-02 13:50:55.588000', 'Replacement Dimension', 'Rick and Two Crows Planet', 'Planet'),
('126', '2021-11-02 15:18:57.987000', '', 'Rick\'s Memories', 'Memory');
--
-- end table insert : location
--

/*!40000 ALTER TABLE `location` ENABLE KEYS */;

/*!40101 SET SQL_MODE=IFNULL(@OLD_SQL_MODE, '') */;
/*!40014 SET FOREIGN_KEY_CHECKS=IF(@OLD_FOREIGN_KEY_CHECKS IS NULL, 1, @OLD_FOREIGN_KEY_CHECKS) */;
/*!40101 SET CHARACTER_SET_CLIENT=@OLD_CHARACTER_SET_CLIENT */;